69,10,5
70,11,4
71,11,5
72,12,6
73,11,3
74,11,5
75,11,3
76,13,4
77,11,4
78,11,2
79,11,4
80,11,2
81,11,5
82,10,4
83,11,4
84,14,4
85,15,5
86,14,5
87,15,4
88,13,4
89,11,5
90,11,4
91,11,4
92,11,4
93,11,4
94,16,5
95,11,3
96,15,5
97,11,5
98,11,4
99,11,4
100,11,4
101,11,4
102,11,6
103,11,4
104,11,4
105,11,4
106,11,6
107,11,5
108,11,6
109,11,5
110,11,9
111,11,4
112,11,5
113,11,6
114,17,7
115,10,5
116,18,3
117,11,4
118,11,4
119,11,4
120,12,5
121,11,8
122,12,4
123,11,4
124,11,6
125,17,4
126,11,6
127,11,4
128,14,7
129,11,5
130,10,4
131,19,5
132,11,5
133,11,4
134,11,5
135,11,3
136,11,4
137,20,3
138,11,4
139,11,4
140,11,6
141,14,4
142,10,3
143,11,4
144,11,8
145,21,3
146,15,7
147,11,5
148,11,4
149,11,4
150,20,4
151,11,6
152,21,2
153,10,4
154,10,4
155,22,4
156,11,4
157,11,4
158,11,5
159,11,5
160,12,6
161,11,5
162,11,6
163,11,4
164,12,3
165,11,4
166,17,4
167,15,4
168,11,5
169,11,5
170,23,5
171,11,8
172,20,4
173,17,5
174,12,4
175,11,4
176,13,7
177,11,4
178,11,4
179,11,1
180,11,4
181,11,4
182,11,4
183,11,4
184,11,4
185,11,6
186,17,4
187,11,4
188,11,4
189,17,4
190,21,3
191,11,4
192,23,4
193,11,4
194,15,5
195,11,6
196,11,5
197,11,5
198,11,4
199,11,4
200,11,5
201,11,4
202,11,4
203,11,3
204,11,5
205,11,4
206,11,6
207,11,8
208,13,6
209,11,3
210,15,5
211,10,4
212,11,8
213,11,4
214,11,4
215,11,5
216,17,4
217,11,4
218,10,4
219,11,5
220,11,5
221,11,4
222,11,5
223,11,6
224,11,8
225,24,8
226,11,6
227,25,3
228,11,4
229,11,2
230,11,4
231,21,4
232,11,7
233,11,4
234,26,7
235,11,7
236,17,6
237,11,4
238,11,4
239,17,6
240,10,4
241,11,4
242,11,6
243,23,4
244,11,5
245,27,4
246,11,5
247,11,6
248,12,4
249,11,5
250,20,3
251,28,5
252,11,3
253,21,4
254,10,6
255,11,3
256,10,5
257,14,4
258,11,4
259,12,6
260,11,7
261,17,4
262,12,4
263,11,7
264,11,8
265,12,6
266,11,4
267,29,2
268,11,5
269,23,4
270,11,5
271,11,7
272,11,4
273,11,5
274,12,6
275,11,4
276,13,4
277,11,7
278,14,5
279,17,9
280,23,4
281,17,4
282,10,5
283,11,3
284,13,5
285,11,4
286,11,4
287,30,4
288,12,5
289,11,5
290,11,4
291,11,4
292,11,4
293,11,5
294,11,5
295,12,4
296,11,5
297,11,4
298,11,4
299,14,4
300,11,5
301,25,4
302,11,4
303,11,4
304,11,6
305,11,5
306,21,6
307,25,4
308,11,6
309,30,5
310,11,5
311,21,4
312,11,5
313,11,5
314,11,6
315,12,5
316,11,4
317,11,5
318,11,4
319,11,6
320,11,4
321,11,4
322,11,5
323,11,7
324,11,7
325,11,6
326,17,6
327,11,4
328,11,6
329,12,4
330,11,5
331,11,5
332,31,5
333,11,5
334,13,4
335,11,6
336,11,6
337,21,5
338,11,5
339,11,4
340,21,5
341,11,5
342,11,4
343,10,4
344,25,4
345,11,5
346,11,5
347,11,5
348,17,5
349,13,5
350,11,6
351,12,5
352,11,5
353,11,5
354,10,4
355,11,5
356,15,4
357,11,7
358,11,6
359,11,5
360,11,7
361,11,8
362,11,3
363,11,6
364,11,2
365,11,4
366,11,6
367,11,5
368,10,6
369,11,6
370,11,5
371,15,7
372,11,7
373,11,4
374,11,5
375,11,5
376,11,4
377,11,5
378,11,5
379,13,6
380,11,7
381,11,5
382,17,6
383,11,3
384,11,6
385,11,5
386,11,7
387,10,5
388,11,8
389,11,4
390,25,5
391,11,7
392,11,5
393,11,5
394,11,4
395,11,5
396,11,4
397,11,5
398,11,5
399,11,6
400,19,4
401,11,6
402,32,5
403,17,5
404,11,7
405,11,4
406,11,6
407,11,5
408,33,5
409,11,5
410,11,7
411,11,4
412,11,4
413,11,3
414,11,4
415,11,7
416,10,5
417,11,4
418,14,4
419,13,4
420,11,4
421,11,4
422,19,4
423,11,7
424,11,6
425,11,5
426,11,7
427,11,6
428,11,4
429,11,6
430,11,4
431,11,6
432,11,5
433,25,6
434,11,5
435,11,3
436,11,4
437,11,7
438,34,5
439,11,6
440,11,5
441,11,5
442,11,5
443,11,5
444,11,7
445,11,7
446,11,4
447,11,6
448,11,2
449,10,4
450,11,5
451,11,6
452,11,8
453,11,5
454,11,8
455,11,5
456,13,4
457,13,5
458,14,5
459,11,6
460,11,6
461,11,5
462,17,4
463,11,5
464,11,6
465,11,4
466,17,3
467,11,4
468,11,5
469,11,4
470,11,6
471,11,4
472,11,3
473,17,5
474,11,7
475,17,8
476,13,4
477,11,6
478,11,8
479,11,6
480,11,5
481,11,5
482,11,5
483,11,2
484,11,5
485,19,4
486,11,4
487,11,4
488,11,6
489,11,4
490,14,4
491,11,7
492,11,6
493,11,7
494,17,5
495,25,4
496,11,7
497,11,5
498,11,5
499,11,4
500,11,5
501,11,4
502,11,4
503,17,8
504,11,4
505,15,4
506,11,2
507,11,6
508,12,6
509,14,5
510,11,4
511,10,4
512,11,5
513,17,3
514,11,4
515,11,5
516,11,4
517,10,7
518,11,5
519,11,8
520,11,5
521,11,6
522,35,5
523,11,5
524,11,5
525,11,4
526,36,4
527,11,4
528,11,7
529,11,5
530,11,5
531,17,5
532,11,1
533,11,4
534,11,2
535,11,4
536,11,4
537,11,6
538,11,4
539,11,6
540,17,5
541,15,4
542,11,5
543,14,7
544,11,4
545,11,4
546,11,4
547,11,4
548,25,5
549,11,4
550,11,5
551,14,5
552,17,3
553,11,4
554,17,4
555,11,6
556,11,6
557,11,8
558,11,6
559,11,6
560,14,4
561,11,7
562,11,4
563,11,4
564,11,6
565,37,5
566,11,5
567,11,5
568,11,9
569,11,5
570,11,5
571,17,4
572,11,7
573,11,4
574,11,6
575,11,6
576,11,5
577,11,7
578,11,6
579,11,1
580,11,7
581,11,6
582,11,5
583,11,6
584,11,5
585,11,4
586,11,4
587,17,4
588,11,4
589,17,4
590,11,3
591,11,6
592,17,3
593,25,4
594,11,6
595,13,5
596,11,4
597,17,4
598,17,7
599,11,5
600,11,5
601,12,6
602,13,4
603,11,6
604,11,5
605,11,3
606,17,4
607,12,4
608,17,4
609,12,5
610,25,4
611,14,6
612,11,4
613,11,5
614,17,5
615,17,4
616,14,6
617,13,4
618,11,4
619,11,7
620,11,4
621,10,4
622,25,4
623,17,5
624,17,7
625,11,4
626,11,6
627,17,7
628,17,5
629,11,4
630,11,6
631,10,4
632,13,5
633,11,5
634,11,4
635,11,5
636,11,7
637,25,4
638,10,6
639,38,5
640,11,5
641,10,5
642,11,7
643,10,5
644,11,9
645,11,5
646,11,5
647,11,2
648,11,1
649,11,5
650,11,5
651,21,4
652,11,4
653,11,5
654,11,6
655,11,6
656,11,5
657,11,5
658,11,6
659,17,4
660,11,4
661,11,7
662,11,4
663,11,7
664,11,5
665,17,5
666,11,8
667,11,6
668,11,7
669,11,4
670,11,4
671,23,4
672,11,5
673,17,6
674,11,5
675,11,4
676,11,4
677,11,4
678,13,4
679,14,5
680,11,5
681,11,4
682,11,5
683,11,3
684,17,6
685,26,4
686,11,4
687,11,7
688,11,6
689,25,5
690,11,6
691,11,7
692,11,4
693,11,4
694,11,4
695,12,5
696,14,5
697,11,4
698,11,5
699,12,5
700,11,5
701,17,3
702,17,5
703,11,7
704,11,5
705,26,4
706,11,7
707,11,5
708,10,4
709,11,6
710,11,6
711,15,5
712,11,5
713,11,6
714,11,6
715,17,1
716,10,3
717,12,6
718,11,4
719,12,5
720,11,7
721,19,5
722,11,5
723,11,5
724,11,5
725,11,4
726,11,6
727,35,6
728,11,5
729,11,4
730,11,4
731,11,6
732,17,5
733,14,5
734,17,4
735,11,7
736,11,5
737,11,4
738,11,7
739,11,5
740,17,7
741,11,5
742,11,6
743,11,5
744,11,5
745,10,5
746,10,5
747,11,5
748,11,7
749,39,5
750,11,8
751,11,8
752,38,6
753,13,4
754,11,6
755,17,7
756,11,7
757,17,7
758,26,4
759,11,6
760,11,6
761,11,3
762,11,5
763,17,6
764,17,4
765,17,5
766,11,4
767,15,9
768,11,7
769,11,6
770,11,2
771,11,4
772,15,6
773,11,6
774,11,4
775,11,4
776,23,4
777,11,4
778,17,5
779,11,6
780,11,5
781,12,5
782,11,6
783,11,4
784,11,4
785,11,4
786,11,4
787,11,6
788,11,5
789,17,5
790,10,5
791,15,6
792,40,4
793,11,6
794,11,4
795,11,6
796,25,4
797,11,6
798,25,4
799,35,4
800,15,5
801,11,4
802,11,4
803,17,5
804,11,7
805,11,5
806,11,4
807,11,5
808,14,5
809,11,5
810,11,5
811,11,5
812,11,5
813,11,7
814,11,8
815,11,6
816,11,7
817,11,5
818,11,4
819,11,6
820,11,5
821,11,4
822,41,4
823,17,5
824,11,5
825,11,7
826,13,4
827,11,5
828,11,2
829,17,4
830,11,7
831,11,5
832,11,5
833,42,5
834,11,5
835,11,6
836,11,5
837,11,4
838,11,6
839,11,5
840,19,4
841,38,6
842,14,5
843,11,7
844,17,4
845,11,5
846,11,6
847,11,5
848,10,5
849,17,5
850,17,5
851,11,5
852,11,6
853,11,2
854,11,5
855,11,7
856,22,3
857,11,5
858,11,6
859,25,5
860,11,7
861,11,4
862,11,4
863,11,5
864,11,7
865,11,6
866,11,5
867,12,6
868,11,6
869,15,4
870,11,5
871,11,4
872,11,4
873,11,5
874,13,4
875,11,6
876,15,5
877,11,5
878,11,6
879,11,4
880,11,5
881,11,7
882,11,5
883,11,8
884,11,5
885,10,4
886,11,4
887,11,5
888,17,5
889,11,4
890,11,6
891,17,7
892,11,4
893,11,4
894,11,4
895,17,5
896,10,4
897,11,6
898,11,6
899,11,6
900,14,4
901,11,7
902,11,5
903,11,6
904,11,4
905,17,5
906,11,7
907,11,5
908,11,6
909,17,5
910,11,4
911,11,4
912,11,6
913,17,5
914,11,6
915,11,6
916,13,5
917,11,3
918,11,8
919,10,5
920,23,5
921,11,5
922,11,5
923,11,6
924,11,5
925,12,4
926,17,5
927,11,8
928,11,6
929,11,5
930,11,7
931,11,6
932,11,4
933,11,5
934,11,5
935,11,2
936,11,4
937,17,5
938,25,2
939,11,7
940,11,5
941,11,4
942,11,4
943,38,5
944,23,4
945,13,4
946,11,7
947,43,4
948,11,7
949,10,6
950,11,4
951,11,4
952,10,4
953,11,6
954,17,4
955,11,6
956,11,6
957,11,5
958,11,6
959,11,4
960,38,4
961,11,5
962,11,5
963,17,5
964,11,6
965,11,5
966,11,5
967,11,6
968,11,4
969,11,6
970,11,7
971,17,3
972,14,5
973,11,6
974,11,5
975,11,4
976,11,6
977,17,5
978,11,6
979,11,5
980,17,5
981,17,4
982,11,6
983,11,3
984,44,5
985,13,5
986,11,5
987,11,5
988,11,6
989,14,4
990,17,3
991,22,5
992,11,5
993,14,8
994,11,4
995,10,4
996,11,5
997,11,4
998,11,4
999,11,7
1000,11,4
1001,11,7
1002,11,5
1003,11,5
1004,11,5
1005,11,5
1006,11,5
1007,11,5
1008,23,4
1009,10,4
1010,11,4
1011,11,7
1012,11,6
1013,11,3
1014,11,7
1015,11,7
1016,45,4
1017,11,6
1018,11,7
1019,11,2
1020,11,9
1021,11,7
1022,14,4
1023,13,4
1024,11,5
1025,11,5
1026,11,7
1027,11,4
1028,17,5
1029,11,7
1030,11,5
1031,11,7
1032,11,5
1033,11,4
1034,11,3
1035,17,5
1036,17,5
1037,11,5
1038,17,6
1039,11,4
1040,11,5
1041,11,7
1042,11,4
1043,11,6
1044,11,4
1045,11,4
1046,14,4
1047,11,4
1048,11,6
1049,11,4
1050,11,5
1051,11,5
1052,11,6
1053,11,5
1054,11,7
1055,11,6
1056,11,6
1057,11,5
1058,14,5
1059,11,5
1060,11,6
1061,11,7
1062,11,5
1063,11,5
1064,14,4
1065,13,5
1066,11,4
1067,40,4
1068,11,6
1069,11,6
1070,22,6
1071,11,8
1072,11,4
1073,11,4
1074,14,6
1075,11,6
1076,11,7
1077,10,5
1078,11,5
1079,11,8
1080,11,6
1081,34,6
1082,17,3
1083,17,1
1084,11,4
1085,11,8
1086,11,7
1087,11,4
1088,11,5
1089,11,4
1090,11,5
1091,11,6
1092,11,6
1093,11,5
1094,11,4
1095,14,5
1096,11,4
1097,11,4
1098,17,5
1099,11,5
1100,11,4
1101,11,4
1102,15,6
1103,11,2
1104,38,4
1105,14,4
1106,14,6
1107,17,6
1108,11,5
1109,11,4
1110,11,6
1111,11,5
1112,17,4
1113,11,5
1114,11,6
1115,11,6
1116,13,4
1117,13,4
1118,11,5
1119,11,5
1120,11,6
1121,11,7
1122,11,6
1123,11,5
1124,11,5
1125,11,3
1126,11,4
1127,11,8
1128,13,6
1129,11,7
1130,11,4
1131,11,7
1132,11,5
1133,17,5
1134,11,6
1135,11,7
1136,11,4
1137,11,5
1138,25,5
1139,38,5
1140,17,3
1141,15,5
1142,11,4
1143,11,6
1144,11,5
1145,11,4
1146,11,5
1147,11,4
1148,11,7
1149,11,5
1150,17,4
1151,10,2
1152,11,4
1153,11,5
1154,12,5
1155,11,8
1156,17,5
1157,11,7
1158,11,4
1159,11,5
1160,17,5
1161,11,6
1162,21,5
1163,11,7
1164,14,5
1165,10,5
1166,11,2
1167,11,7
1168,11,4
1169,11,6
1170,11,5
1171,11,4
1172,11,5
1173,11,6
1174,11,7
1175,11,6
1176,15,6
1177,11,6
1178,11,6
1179,11,2
1180,11,1
1181,17,6
1182,11,6
1183,11,5
1184,11,5
1185,11,7
1186,17,1
1187,11,5
1188,11,4
1189,11,6
1190,11,4
1191,11,5
1192,11,6
1193,11,5
1194,11,7
1195,11,6
1196,11,7
1197,11,4
1198,11,5
1199,11,4
1200,17,7
1201,11,6
1202,25,4
1203,11,5
1204,11,7
1205,11,6
1206,11,4
1207,34,5
1208,11,5
1209,11,5
1210,11,4
1211,11,5
1212,11,6
1213,13,5
1214,34,5
1215,11,7
1216,17,6
1217,11,6
1218,17,4
1219,17,3
1220,17,4
1221,11,8
1222,17,7
1223,10,4
1224,11,4
1225,11,5
1226,11,7
1227,11,5
1228,11,5
1229,10,4
1230,17,6
1231,17,7
1232,15,5
1233,11,5
1234,11,3
1235,23,5
1236,25,6
1237,12,4
1238,11,6
1239,11,5
1240,11,7
1241,11,7
1242,14,4
1243,17,5
1244,11,4
1245,11,4
1246,12,4
1247,17,8
1248,11,4
1249,17,4
1250,11,4
1251,11,4
1252,10,5
1253,11,3
1254,11,4
1255,11,4
1256,11,4
1257,12,4
1258,11,5
1259,17,5
1260,11,5
1261,12,6
1262,11,2
1263,14,7
1264,11,6
1265,11,6
1266,10,4
1267,26,4
1268,11,5
1269,34,5
1270,11,5
1271,13,6
1272,11,5
1273,11,4
1274,11,3
1275,11,5
1276,11,4
1277,11,5
1278,10,4
1279,11,2
1280,11,5
1281,15,7
1282,23,4
1283,11,3
1284,11,4
1285,11,5
1286,11,7
1287,11,4
1288,11,4
1289,11,4
1290,11,8
1291,13,3
1292,11,4
1293,11,4
1294,13,4
1295,11,4
1296,11,5
1297,11,4
1298,11,8
1299,11,5
1300,11,4
1301,17,3
1302,22,5
1303,11,5
1304,11,6
1305,11,4
1306,11,4
1307,10,5
1308,11,4
1309,11,4
1310,11,4
1311,10,5
1312,11,7
1313,11,5
1314,10,5
1315,11,4
1316,11,4
1317,11,5
1318,11,4
1319,11,5
1320,11,5
1321,34,5
1322,11,7
1323,11,5
1324,44,4
1325,10,8
1326,11,6
1327,11,4
1328,14,4
1329,11,5
1330,11,6
1331,13,4
1332,17,9
1333,23,4
1334,11,4
1335,14,3
1336,11,5
1337,11,7
1338,11,5
1339,11,7
1340,11,5
1341,12,6
1342,11,3
1343,14,5
1344,11,7
1345,17,4
1346,13,3
1347,11,6
1348,11,4
1349,11,3
1350,11,4
1351,11,7
1352,12,5
1353,11,4
1354,11,4
1355,11,5
1356,11,3
1357,17,9
1358,11,6
1359,17,4
1360,11,7
1361,11,4
1362,17,5
1363,11,6
1364,11,2
1365,11,4
1366,11,5
1367,11,5
1368,11,5
1369,11,4
1370,11,5
1371,25,5
1372,11,4
1373,10,7
1374,11,6
1375,11,4
1376,11,6
1377,11,7
1378,11,5
1379,22,5
1380,23,4
1381,11,6
1382,11,4
1383,11,5
1384,15,7
1385,17,6
1386,11,5
1387,11,7
1388,17,4
1389,14,4
1390,10,4
1391,10,4
1392,11,4
1393,11,4
1394,11,7
1395,11,7
1396,14,4
1397,10,5
1398,25,4
1399,11,4
1400,11,5
1401,38,4
1402,14,6
1403,11,4
1404,11,5
1405,11,5
1406,10,6
1407,25,6
1408,11,4
1409,11,5
1410,23,5
1411,14,3
1412,12,5
1413,11,6
1414,11,4
1415,11,6
1416,11,3
1417,10,4
1418,13,4
1419,11,5
1420,11,6
1421,12,4
1422,11,4
1423,10,6
1424,17,2
1425,11,6
1426,14,3
1427,10,6
1428,11,6
1429,23,3
1430,44,3
1431,14,4
1432,11,3
1433,11,4
1434,11,4
1435,11,4
1436,11,5
1437,10,5
1438,11,4
1439,11,7
1440,11,6
1441,15,5
1442,11,5
1443,14,5
1444,11,5
1445,14,6
1446,17,4
1447,22,4
1448,11,5
1449,25,5
1450,11,4
1451,17,6
1452,46,4
1453,11,6
1454,11,7
1455,11,4
1456,11,5
1457,11,4
1458,11,5
1459,17,5
1460,23,6
1461,11,7
1462,11,7
1463,17,4
1464,11,6
1465,10,5
1466,11,5
1467,17,5
1468,11,7
1469,11,6
1470,11,7
1471,11,5
1472,11,5
1473,15,7
1474,11,5
1475,14,4
1476,11,8
1477,11,5
1478,12,7
1479,10,5
1480,34,5
1481,11,5
1482,34,6
1483,11,2
1484,11,4
1485,15,4
1486,15,6
1487,11,7
1488,11,7
1489,10,1
1490,47,5
1491,17,4
1492,11,5
1493,10,7
1494,11,3
1495,11,4
1496,10,5
1497,17,5
1498,11,6
1499,11,6
1500,11,4
1501,11,6
1502,11,5
1503,11,5
1504,11,6
1505,25,5
1506,35,4
1507,17,3
1508,11,3
1509,11,5
1510,25,4
1511,11,4
1512,11,6
1513,17,5
1514,11,6
1515,25,4
1516,10,4
1517,11,4
1518,11,5
1519,17,4
1520,11,5
1521,11,4
1522,11,4
1523,11,7
1524,20,4
1525,11,6
1526,10,5
1527,11,5
1528,11,5
1529,11,5
1530,11,5
1531,11,9
1532,11,4
1533,17,5
1534,11,7
1535,11,5
1536,11,7
1537,11,4
1538,11,4
1539,11,5
1540,11,5
1541,11,5
1542,11,5
1543,13,4
1544,17,3
1545,23,4
1546,11,7
1547,17,4
1548,11,6
1549,11,3
1550,11,4
1551,11,6
1552,11,7
1553,11,4
1554,11,4
1555,11,4
1556,11,5
1557,11,6
1558,10,4
1559,11,9
1560,17,5
1561,27,3
1562,34,4
1563,11,9
1564,17,6
1565,44,4
1566,11,5
1567,11,6
1568,11,4
1569,11,5
1570,11,6
1571,17,9
1572,19,5
1573,34,5
1574,14,4
1575,11,8
1576,10,4
1577,11,4
1578,11,4
1579,12,4
1580,19,7
1581,11,4
1582,17,4
1583,11,5
1584,12,5
1585,17,4
1586,11,7
1587,11,4
1588,13,5
1589,11,5
1590,11,5
1591,11,4
1592,15,5
1593,13,4
1594,13,4
1595,25,4
1596,11,6
1597,11,5
1598,11,6
1599,11,5
1600,10,6
1601,19,5
1602,11,4
1603,11,4
1604,10,5
1605,11,3
1606,48,6
1607,15,7
1608,11,5
1609,31,5
1610,11,8
1611,11,5
1612,11,5
1613,11,4
1614,11,6
1615,11,5
1616,21,5
1617,14,4
1618,29,4
1619,11,6
1620,14,4
1621,14,5
1622,14,5
1623,11,4
1624,11,6
1625,11,7
1626,17,5
1627,11,3
1628,11,7
1629,11,3
1630,11,5
1631,10,4
1632,11,4
1633,17,5
1634,11,6
1635,11,7
1636,14,6
1637,11,6
1638,11,7
1639,11,5
1640,17,4
1641,11,6
1642,17,8
1643,14,5
1644,11,7
1645,11,4
1646,11,6
1647,11,5
1648,15,9
1649,11,7
1650,15,4
1651,17,8
1652,11,7
1653,11,9
1654,11,8
1655,14,7
1656,11,5
1657,11,9
1658,12,4
1659,11,6
1660,11,6
1661,11,8
1662,11,4
1663,11,5
1664,14,4
1665,14,6
1666,11,4
1667,17,4
1668,11,5
1669,35,4
1670,10,4
1671,11,4
1672,11,5
1673,11,5
1674,17,7
1675,11,4
1676,12,5
1677,11,4
1678,23,4
1679,11,8
1680,11,7
1681,25,3
1682,17,7
1683,11,5
1684,11,5
1685,11,9
1686,14,6
1687,11,5
1688,14,6
1689,11,5
1690,17,4
1691,11,8
1692,12,7
1693,11,4
1694,25,2
1695,11,3
1696,11,5
1697,11,4
1698,17,4
1699,11,5
1700,11,7
1701,11,3
1702,11,4
1703,11,4
1704,23,4
1705,17,4
1706,12,5
1707,25,4
1708,12,5
1709,11,6
1710,11,4
1711,12,4
1712,35,6
1713,11,4
1714,11,6
1715,11,6
1716,11,6
1717,11,2
1718,14,5
1719,11,5
1720,11,4
1721,23,4
1722,10,6
1723,17,4
1724,11,6
1725,11,6
1726,34,4
1727,11,5
1728,11,4
1729,11,5
1730,14,4
1731,17,7
1732,17,5
1733,26,4
1734,11,5
1735,11,6
1736,11,7
1737,11,5
1738,12,4
1739,11,3
1740,11,5
1741,11,3
1742,14,6
1743,11,6
1744,17,7
1745,49,3
1746,21,4
1747,11,8
1748,11,5
1749,11,4
1750,11,4
1751,17,4
1752,11,4
1753,25,4
1754,11,6
1755,11,4
1756,17,5
1757,15,6
1758,10,2
1759,11,4
1760,11,4
1761,11,4
1762,11,6
1763,11,4
1764,11,4
1765,11,5
1766,11,4
1767,11,5
1768,10,5
1769,11,2
1770,17,6
1771,17,6
1772,14,4
1773,11,6
1774,11,4
1775,18,5
1776,11,6
1777,11,5
1778,11,5
1779,11,5
1780,11,4
1781,11,5
1782,31,6
1783,11,4
1784,10,4
1785,14,7
1786,14,4
1787,11,6
1788,11,7
1789,14,4
1790,11,5
1791,11,5
1792,21,3
1793,11,7
1794,11,6
1795,17,6
1796,11,8
1797,11,4
1798,11,6
1799,50,4
1800,17,5
1801,22,6
1802,11,4
1803,11,4
1804,11,5
1805,11,3
1806,11,4
1807,11,6
1808,11,4
1809,10,6
1810,11,4
1811,39,7
1812,10,4
1813,11,7
1814,10,7
1815,14,4
1816,11,4
1817,11,5
1818,12,7
1819,11,7
1820,11,2
1821,11,5
1822,17,4
1823,11,7
1824,11,4
1825,19,5
1826,11,6
1827,11,5
1828,11,7
1829,11,4
1830,22,4
1831,11,7
1832,11,4
1833,17,4
1834,11,4
1835,11,8
1836,11,5
1837,11,4
1838,15,4
1839,11,8
1840,11,6
1841,11,4
1842,11,7
1843,11,5
1844,11,5
1845,11,3
1846,15,5
1847,11,4
1848,11,6
1849,17,5
1850,11,4
1851,11,4
1852,11,3
1853,11,4
1854,11,6
1855,11,6
1856,21,4
1857,17,4
1858,17,5
1859,11,5
1860,11,6
1861,13,7
1862,11,5
1863,11,5
1864,17,4
1865,12,4
1866,17,4
1867,11,3
1868,17,4
1869,12,4
1870,11,5
1871,11,5
1872,11,4
1873,17,4
1874,11,6
1875,11,4
1876,11,4
1877,11,1
1878,11,5
1879,12,4
1880,11,5
1881,11,4
1882,11,7
1883,11,5
1884,38,3
1885,11,5
1886,11,5
1887,11,7
1888,11,5
1889,14,5
1890,11,4
1891,17,6
1892,15,4
1893,11,7
1894,11,6
1895,25,4
1896,15,6
1897,25,5
1898,11,6
1899,10,5
1900,14,5
1901,11,4
1902,11,5
1903,11,5
1904,11,3
1905,23,4
1906,11,6
1907,12,4
1908,11,4
1909,11,6
1910,11,8
1911,11,4
1912,11,4
1913,11,4
1914,11,2
1915,11,8
1916,11,4
1917,11,5
1918,17,5
1919,11,5
1920,15,6
1921,11,5
1922,11,6
1923,11,5
1924,11,6
1925,12,7
1926,11,6
1927,11,5
1928,13,4
1929,11,5
1930,25,6
1931,15,7
1932,11,4
1933,17,4
1934,40,5
1935,11,4
1936,11,5
1937,17,6
1938,11,5
1939,10,4
1940,11,4
1941,25,7
1942,11,9
1943,14,4
1944,11,4
1945,17,7
1946,11,5
1947,11,6
1948,17,5
1949,11,4
1950,11,4
1951,13,4
1952,11,5
1953,11,5
1954,11,4
1955,17,4
1956,11,4
1957,14,7
1958,11,5
1959,11,7
1960,11,5
1961,11,6
1962,11,6
1963,11,4
1964,11,6
1965,11,7
1966,11,6
1967,11,9
1968,11,7
1969,11,5
1970,11,7
1971,11,5
1972,11,6
1973,11,8
1974,11,4
1975,11,4
1976,11,6
1977,11,3
1978,11,4
1979,11,5
1980,17,5
1981,11,6
1982,25,6
1983,11,6
1984,11,4
1985,17,4
1986,25,4
1987,11,5
1988,24,6
1989,11,4
1990,11,5
1991,17,3
1992,17,4
1993,11,4
1994,11,4
1995,11,4
1996,11,5
1997,17,5
1998,11,6
1999,11,6
2000,11,5
2001,11,5
2002,11,8
2003,10,4
2004,11,4
2005,11,5
2006,25,4
2007,11,5
2008,11,2
2009,11,5
2010,34,5
2011,15,5
2012,30,4
2013,21,4
2014,11,4
2015,14,6
2016,11,5
2017,11,4
2018,11,5
2019,14,4
2020,11,5
2021,11,4
2022,11,5
2023,11,9
2024,11,4
2025,11,4
2026,17,5
2027,14,5
2028,25,4
2029,11,5
2030,11,6
2031,25,7
2032,11,4
2033,11,5
2034,34,4
2035,11,4
2036,25,4
2037,17,6
2038,17,4
2039,11,4
2040,11,5
2041,11,2
2042,11,5
2043,11,5
2044,11,7
2045,14,4
2046,11,5
2047,17,4
2048,10,5
2049,35,6
2050,11,5
2051,11,4
2052,11,5
2053,34,6
2054,11,4
2055,11,5
2056,11,6
2057,17,6
2058,15,5
2059,18,4
2060,17,6
2061,11,5
2062,11,9
2063,11,5
2064,11,4
2065,17,4
2066,11,8
2067,15,5
2068,51,4
2069,11,4
2070,11,7
2071,17,5
2072,11,4
2073,14,4
2074,17,5
2075,11,5
2076,11,6
2077,23,4
2078,52,4
2079,17,4
2080,53,3
2081,25,4
2082,11,5
2083,11,7
2084,11,8
2085,17,5
2086,11,6
2087,14,5
2088,11,7
2089,11,1
2090,17,5
2091,11,2
2092,11,6
2093,34,5
2094,17,4
2095,17,5
2096,17,4
2097,14,4
2098,11,0
2099,11,7
2100,13,7
2101,11,5
2102,14,5
2103,17,6
2104,11,7
2105,11,6
2106,11,7
2107,14,5
2108,11,6
2109,11,5
2110,41,6
2111,12,5
2112,40,5
2113,17,4
2114,14,4
2115,11,5
2116,11,5
2117,11,6
2118,11,6
2119,11,4
2120,10,3
2121,11,4
2122,11,5
2123,11,5
2124,11,6
2125,11,4
2126,11,6
2127,11,6
2128,11,4
2129,11,5
2130,11,1
2131,11,8
2132,21,4
2133,12,5
2134,11,5
2135,11,7
2136,11,5
2137,10,4
2138,34,7
2139,15,5
2140,11,6
2141,17,4
2142,11,4
2143,10,5
2144,15,4
2145,11,5
2146,17,6
2147,11,5
2148,11,7
2149,11,4
2150,17,5
2151,23,4
2152,11,3
2153,11,4
2154,11,4
2155,11,3
2156,11,6
2157,11,5
2158,11,5
2159,17,6
2160,11,7
2161,12,4
2162,11,7
2163,11,8
2164,17,6
2165,11,3
2166,25,4
2167,11,8
2168,11,4
2169,17,5
2170,11,4
2171,11,6
2172,11,5
2173,10,6
2174,11,3
2175,11,4
2176,17,4
2177,34,4
2178,23,4
2179,11,4
2180,11,7
2181,11,5
2182,11,4
2183,11,7
2184,38,4
2185,11,5
2186,17,5
2187,13,4
2188,14,4
2189,34,4
2190,11,5
2191,11,6
2192,11,5
2193,11,4
2194,12,4
2195,11,5
2196,11,6
2197,11,4
2198,17,6
2199,11,4
2200,10,6
2201,17,3
2202,11,5
2203,10,4
2204,11,6
2205,22,4
2206,11,5
2207,17,5
2208,11,4
2209,11,3
2210,18,5
2211,14,4
2212,38,5
2213,11,5
2214,11,2
2215,11,5
2216,11,7
2217,14,6
2218,11,4
2219,11,4
2220,11,6
2221,11,5
2222,54,4
2223,17,6
2224,11,4
2225,17,5
2226,11,4
2227,11,4
2228,11,5
2229,11,5
2230,14,6
2231,14,4
2232,11,4
2233,11,7
2234,17,7
2235,15,7
2236,14,6
2237,11,6
2238,11,7
2239,11,3
2240,11,4
2241,11,5
2242,11,5
2243,11,4
2244,17,6
2245,11,6
2246,11,5
2247,11,6
2248,11,4
2249,11,6
2250,11,6
2251,11,5
2252,11,6
2253,11,5
2254,11,5
2255,11,5
2256,11,5
2257,11,4
2258,11,6
2259,11,4
2260,11,5
2261,11,4
2262,11,7
2263,11,5
2264,15,6
2265,10,3
2266,14,5
2267,11,5
2268,10,4
2269,11,7
2270,11,6
2271,11,6
2272,11,1
2273,11,6
2274,11,7
2275,11,5
2276,11,5
2277,15,7
2278,26,4
2279,11,5
2280,15,6
2281,17,4
2282,11,2
2283,23,5
2284,11,5
2285,11,4
2286,11,5
2287,11,4
2288,17,5
2289,11,6
2290,11,8
2291,17,8
2292,17,5
2293,11,5
2294,55,7
2295,11,6
2296,17,4
2297,11,3
2298,11,3
2299,15,9
2300,25,4
2301,56,5
2302,17,5
2303,11,5
2304,11,5
2305,11,5
2306,11,5
2307,11,4
2308,14,5
2309,11,4
2310,12,5
2311,11,3
2312,13,3
2313,25,4
2314,11,5
2315,11,6
2316,11,7
2317,34,5
2318,17,4
2319,14,5
2320,10,5
2321,11,6
2322,11,4
2323,11,7
2324,15,7
2325,11,4
2326,11,7
2327,11,7
2328,11,5
2329,11,5
2330,15,4
2331,17,5
2332,17,6
2333,19,3
2334,11,6
2335,11,8
2336,11,6
2337,11,7
2338,11,6
2339,14,4
2340,17,4
2341,11,6
2342,11,4
2343,17,4
2344,10,5
2345,11,5
2346,10,7
2347,11,5
2348,17,4
2349,25,4
2350,11,4
2351,11,4
2352,11,5
2353,10,5
2354,11,4
2355,11,5
2356,11,6
2357,11,4
2358,11,4
2359,11,4
2360,11,4
2361,11,6
2362,11,4
2363,12,4
2364,14,4
2365,12,4
2366,11,5
2367,13,5
2368,17,6
2369,11,6
2370,11,4
2371,11,4
2372,21,4
2373,11,6
2374,10,5
2375,11,4
2376,10,6
2377,11,5
2378,17,4
2379,11,5
2380,11,4
2381,11,5
2382,10,5
2383,11,6
2384,11,5
2385,15,5
2386,17,4
2387,15,4
2388,49,4
2389,17,5
2390,53,8
2391,11,7
2392,11,7
2393,11,6
2394,11,6
2395,11,5
2396,11,6
2397,11,6
2398,11,6
2399,14,3
2400,17,4
2401,11,6
2402,11,5
2403,11,5
2404,17,5
2405,11,3
2406,11,5
2407,11,4
2408,11,5
2409,11,4
2410,11,6
2411,11,7
2412,15,3
2413,13,3
2414,11,3
2415,11,5
2416,13,5
2417,17,5
2418,12,4
2419,11,9
2420,13,5
2421,11,4
2422,13,5
2423,13,5
2424,12,4
2425,11,4
2426,17,4
2427,11,5
2428,11,5
2429,11,5
2430,11,6
2431,57,4
2432,19,4
2433,11,5
2434,11,5
2435,14,5
2436,11,5
2437,14,4
2438,11,5
2439,17,5
2440,11,2
2441,11,5
2442,11,6
2443,11,6
2444,11,5
2445,11,6
2446,11,5
2447,11,5
2448,11,4
2449,11,5
2450,11,5
2451,17,5
2452,11,5
2453,11,2
2454,11,7
2455,11,6
2456,11,4
2457,11,4
2458,11,5
2459,11,6
2460,11,5
2461,11,5
2462,14,4
2463,11,5
2464,17,4
2465,14,4
2466,11,7
2467,13,4
2468,11,1
2469,11,5
2470,21,4
2471,11,7
2472,17,5
2473,11,6
2474,11,5
2475,12,5
2476,11,1
2477,11,7
2478,11,5
2479,14,6
2480,11,5
2481,17,4
2482,10,5
2483,23,5
2484,25,6
2485,14,4
2486,11,4
2487,10,5
2488,11,4
2489,15,6
2490,11,4
2491,14,5
2492,17,5
2493,11,4
2494,35,4
2495,10,7
2496,10,5
2497,10,4
2498,10,5
2499,10,5
2500,11,6
2501,11,5
2502,11,6
2503,11,3
2504,11,4
2505,23,4
2506,11,4
2507,11,4
2508,11,4
2509,11,4
2510,11,5
2511,11,6
2512,11,6
2513,11,4
2514,11,5
2515,13,4
2516,10,5
2517,19,4
2518,25,5
2519,35,6
2520,11,7
2521,58,6
2522,11,6
2523,17,8
2524,11,5
2525,11,6
2526,11,6
2527,11,5
2528,25,5
2529,11,8
2530,17,7
2531,22,5
2532,17,6
2533,11,5
2534,14,5
2535,11,4
2536,11,7
2537,13,4
2538,11,7
2539,11,4
2540,11,5
2541,30,5
2542,17,5
2543,11,3
2544,25,4
2545,17,1
2546,17,5
2547,10,5
2548,11,4
2549,11,4
2550,11,4
2551,11,4
2552,11,6
2553,11,6
2554,11,4
2555,11,5
2556,11,5
2557,11,5
2558,14,4
2559,11,4
2560,11,4
2561,10,4
2562,11,4
2563,11,5
2564,11,6
2565,25,5
2566,11,5
2567,11,4
2568,17,4
2569,11,5
2570,11,5
2571,11,5
2572,11,5
2573,11,5
2574,11,5
2575,12,4
2576,11,5
2577,11,5
2578,11,5
2579,12,6
2580,14,5
2581,25,5
2582,11,4
2583,11,5
2584,11,8
2585,13,4
2586,11,5
2587,11,7
2588,11,5
2589,11,6
2590,15,6
2591,11,4
2592,11,4
2593,15,6
2594,11,6
2595,11,6
2596,11,4
2597,13,4
2598,11,6
2599,11,2
2600,11,6
2601,12,4
2602,11,8
2603,11,4
2604,11,4
2605,11,4
2606,14,6
2607,14,5
2608,11,6
2609,11,6
2610,11,7
2611,14,5
2612,17,4
2613,13,4
2614,11,5
2615,11,5
2616,11,3
2617,11,4
2618,17,5
2619,14,8
2620,11,4
2621,11,5
2622,14,4
2623,12,4
2624,11,6
2625,17,6
2626,10,4
2627,11,5
2628,17,4
2629,17,6
2630,11,4
2631,11,4
2632,11,8
2633,11,7
2634,11,5
2635,11,4
2636,11,5
2637,11,5
2638,11,7
2639,11,4
2640,11,6
2641,11,5
2642,11,6
2643,10,6
2644,12,4
2645,25,5
2646,11,5
2647,15,4
2648,11,6
2649,14,4
2650,21,4
2651,11,6
2652,11,4
2653,11,4
2654,11,7
2655,57,5
2656,11,5
2657,11,2
2658,34,5
2659,11,8
2660,11,5
2661,11,4
2662,12,4
2663,11,4
2664,11,6
2665,11,5
2666,11,3
2667,11,5
2668,11,5
2669,12,4
2670,11,5
2671,11,5
2672,11,7
2673,11,5
2674,11,3
2675,11,4
2676,11,4
2677,11,4
2678,11,4
2679,35,6
2680,15,5
2681,34,5
2682,11,4
2683,11,6
2684,11,2
2685,17,5
2686,11,9
2687,11,5
2688,11,5
2689,23,3
2690,11,8
2691,11,8
2692,11,4
2693,21,4
2694,11,4
2695,11,4
2696,11,4
2697,11,5
2698,23,4
2699,11,4
2700,11,5
2701,11,3
2702,12,4
2703,11,4
2704,11,7
2705,17,4
2706,15,5
2707,17,6
2708,11,6
2709,11,5
2710,22,4
2711,12,4
2712,11,6
2713,11,6
2714,11,4
2715,15,5
2716,11,5
2717,10,4
2718,11,4
2719,11,5
2720,17,5
2721,59,5
2722,11,5
2723,15,4
2724,11,5
2725,11,5
2726,11,4
2727,11,4
2728,11,6
2729,11,4
2730,11,8
2731,11,5
2732,11,5
2733,11,5
2734,11,5
2735,11,5
2736,11,7
2737,11,4
2738,11,5
2739,11,4
2740,11,8
2741,11,7
2742,25,4
2743,23,5
2744,11,2
2745,11,5
2746,11,7
2747,11,7
2748,19,5
2749,11,7
2750,11,6
2751,11,6
2752,11,5
2753,17,6
2754,14,4
2755,26,6
2756,25,7
2757,23,5
2758,11,3
2759,12,4
2760,14,5
2761,50,5
2762,13,4
2763,13,4
2764,11,5
2765,11,4
2766,11,5
2767,11,5
2768,34,6
2769,11,6
2770,11,5
2771,11,5
2772,25,6
2773,34,6
2774,11,5
2775,11,4
2776,11,6
2777,58,4
2778,11,4
2779,15,4
2780,10,5
2781,11,6
2782,11,5
2783,11,7
2784,11,9
2785,12,5
2786,11,7
2787,11,6
2788,11,5
2789,11,6
2790,11,2
2791,11,6
2792,15,4
2793,11,6
2794,14,8
2795,10,5
2796,13,4
2797,17,5
2798,11,6
2799,11,7
2800,11,7
2801,11,5
2802,11,3
2803,11,5
2804,11,6
2805,11,5
2806,11,6
2807,11,4
2808,11,4
2809,11,7
2810,15,4
2811,11,4
2812,11,4
2813,11,4
2814,11,5
2815,11,6
2816,17,6
2817,15,5
2818,17,4
2819,23,4
2820,11,6
2821,11,4
2822,11,6
2823,11,6
2824,11,6
2825,11,3
2826,11,6
2827,17,4
2828,14,7
2829,11,5
2830,11,7
2831,11,5
2832,11,4
2833,17,5
2834,17,6
2835,25,7
2836,11,4
2837,11,7
2838,17,4
2839,11,7
2840,10,2
2841,11,4
2842,11,4
2843,17,4
2844,17,4
2845,11,6
2846,11,4
2847,11,4
2848,11,6
2849,17,3
2850,11,5
2851,11,4
2852,11,5
2853,23,4
2854,11,4
2855,11,5
2856,15,7
2857,11,4
2858,11,4
2859,10,5
2860,11,4
2861,17,4
2862,10,5
2863,11,4
2864,17,6
2865,11,3
2866,11,7
2867,17,7
2868,14,5
2869,14,5
2870,11,4
2871,11,6
2872,13,3
2873,11,4
2874,41,6
2875,12,4
2876,23,4
2877,17,5
2878,12,4
2879,11,5
2880,11,6
2881,11,6
2882,12,6
2883,15,4
2884,11,7
2885,11,7
2886,11,2
2887,11,4
2888,11,4
2889,13,4
2890,17,6
2891,15,7
2892,11,4
2893,11,9
2894,11,5
2895,11,4
2896,15,5
2897,20,3
2898,14,4
2899,11,4
2900,10,4
2901,13,3
2902,11,7
2903,14,7
2904,11,7
2905,11,4
2906,11,6
2907,11,5
2908,11,5
2909,14,5
2910,15,8
2911,13,4
2912,11,7
2913,11,8
2914,17,7
2915,11,4
2916,14,4
2917,13,6
2918,10,6
2919,11,6
2920,10,4
2921,11,5
2922,13,3
2923,11,5
2924,17,4
2925,25,4
2926,10,2
2927,11,3
2928,14,4
2929,19,4
2930,14,4
2931,11,5
2932,15,4
2933,14,5
2934,11,6
2935,11,5
2936,11,6
2937,11,5
2938,11,4
2939,11,3
2940,11,7
2941,11,5
2942,12,4
2943,11,2
2944,11,4
2945,13,4
2946,11,5
2947,11,6
2948,17,6
2949,17,5
2950,25,5
2951,11,1
2952,11,4
2953,11,5
2954,11,4
2955,17,6
2956,11,6
2957,11,5
2958,11,4
2959,11,6
2960,11,6
2961,11,6
2962,11,7
2963,23,4
2964,11,6
2965,11,4
2966,11,5
2967,11,5
2968,11,4
2969,11,5
2970,11,5
2971,11,7
2972,60,5
2973,23,5
2974,10,5
2975,14,7
2976,14,5
2977,11,7
2978,11,4
2979,11,7
2980,11,4
2981,11,8
2982,11,5
2983,11,5
2984,11,5
2985,11,7
2986,17,5
2987,11,5
2988,11,6
2989,11,7
2990,15,6
2991,11,5
2992,17,5
2993,11,6
2994,11,5
2995,11,8
2996,11,7
2997,15,6
2998,11,6
2999,11,4
3000,17,6
3001,11,5
3002,17,6
3003,11,5
3004,21,5
3005,10,5
3006,35,4
3007,11,4
3008,11,5
3009,13,4
3010,11,5
3011,11,6
3012,35,6
3013,11,2
3014,17,5
3015,11,3
3016,11,5
3017,12,4
3018,11,4
3019,14,6
3020,11,4
3021,11,4
3022,11,4
3023,11,7
3024,11,5
3025,11,4
3026,11,5
3027,11,5
3028,11,6
3029,11,7
3030,11,3
3031,15,4
3032,11,4
3033,10,5
3034,11,4
3035,11,5
3036,11,6
3037,11,4
3038,13,7
3039,11,5
3040,11,4
3041,25,4
3042,11,4
3043,10,4
3044,11,5
3045,11,8
3046,11,6
3047,11,5
3048,22,5
3049,17,4
3050,10,6
3051,10,4
3052,11,2
3053,40,3
3054,11,5
3055,11,7
3056,11,6
3057,11,4
3058,11,5
3059,38,5
3060,11,5
3061,14,5
3062,11,4
3063,11,5
3064,11,5
3065,11,4
3066,17,5
3067,11,5
3068,11,5
3069,11,6
3070,15,5
3071,11,5
3072,11,5
3073,15,7
3074,17,6
3075,11,5
3076,11,6
3077,11,7
3078,25,5
3079,23,3
3080,11,5
3081,11,5
3082,11,7
3083,11,5
3084,15,7
3085,11,8
3086,11,5
3087,11,7
3088,11,4
3089,11,5
3090,11,5
3091,10,4
3092,10,4
3093,10,5
3094,10,4
3095,11,6
3096,25,7
3097,11,4
3098,25,5
3099,11,5
3100,11,5
3101,11,5
3102,17,4
3103,34,5
3104,11,5
3105,11,5
3106,11,4
3107,26,5
3108,14,4
3109,11,4
3110,11,4
3111,11,4
3112,11,6
3113,11,5
3114,11,5
3115,11,6
3116,35,6
3117,11,5
3118,11,6
3119,11,3
3120,11,4
3121,14,4
3122,11,4
3123,11,5
3124,11,4
3125,11,5
3126,17,4
3127,11,7
3128,11,6
3129,10,4
3130,11,4
3131,11,6
3132,11,4
3133,17,9
3134,17,5
3135,11,7
3136,11,6
3137,11,7
3138,11,5
3139,11,5
3140,11,6
3141,11,8
3142,11,5
3143,11,5
3144,23,4
3145,11,5
3146,11,4
3147,11,9
3148,11,4
3149,11,6
3150,12,4
3151,11,6
3152,11,3
3153,11,6
3154,11,4
3155,11,4
3156,11,5
3157,12,5
3158,15,5
3159,11,7
3160,15,5
3161,11,4
3162,11,4
3163,17,6
3164,11,4
3165,17,5
3166,25,4
3167,14,4
3168,12,4
3169,11,4
3170,17,8
3171,17,7
3172,11,5
3173,17,5
3174,11,9
3175,10,7
3176,14,7
3177,25,6
3178,11,5
3179,11,5
3180,11,5
3181,11,6
3182,17,7
3183,17,5
3184,11,4
3185,11,5
3186,11,6
3187,11,5
3188,11,5
3189,11,4
3190,11,4
3191,11,4
3192,11,5
3193,11,6
3194,11,6
3195,11,4
3196,46,4
3197,17,4
3198,22,4
3199,11,1
3200,11,3
3201,11,5
3202,10,4
3203,11,5
3204,11,5
3205,11,4
3206,11,4
3207,11,4
3208,11,5
3209,11,8
3210,13,4
3211,11,6
3212,11,6
3213,11,4
3214,11,5
3215,11,5
3216,11,5
3217,11,4
3218,11,6
3219,11,2
3220,11,6
3221,11,6
3222,11,5
3223,13,4
3224,11,5
3225,11,4
3226,11,4
3227,11,5
3228,11,5
3229,25,4
3230,11,5
3231,25,7
3232,17,4
3233,11,6
3234,11,5
3235,11,5
3236,11,8
3237,11,4
3238,11,5
3239,12,4
3240,61,7
3241,11,6
3242,11,5
3243,11,6
3244,11,8
3245,11,4
3246,10,4
3247,17,5
3248,19,4
3249,10,4
3250,11,6
3251,11,4
3252,23,4
3253,11,6
3254,31,5
3255,11,5
3256,11,5
3257,11,5
3258,11,5
3259,11,4
3260,11,5
3261,11,7
3262,11,6
3263,11,4
3264,11,5
3265,35,5
3266,14,4
3267,11,5
3268,11,4
3269,14,4
3270,11,5
3271,13,7
3272,18,4
3273,11,6
3274,35,5
3275,11,5
3276,11,7
3277,11,4
3278,22,4
3279,11,3
3280,11,5
3281,11,5
3282,11,4
3283,38,7
3284,11,7
3285,11,8
3286,11,5
3287,11,9
3288,11,8
3289,12,5
3290,11,1
3291,11,4
3292,14,4
3293,13,2
3294,11,7
3295,11,3
3296,11,5
3297,11,4
3298,11,4
3299,11,5
3300,12,6
3301,12,6
3302,11,5
3303,11,5
3304,11,5
3305,25,4
3306,11,6
3307,11,4
3308,47,4
3309,11,7
3310,11,5
3311,14,4
3312,11,6
3313,17,4
3314,21,3
3315,12,4
3316,13,4
3317,11,8
3318,11,5
3319,11,4
3320,17,8
3321,11,4
3322,11,4
3323,11,4
3324,17,5
3325,11,7
3326,10,5
3327,11,5
3328,17,6
3329,11,4
3330,11,6
3331,11,5
3332,11,7
3333,11,6
3334,14,5
3335,11,5
3336,31,4
3337,11,6
3338,11,5
3339,17,5
3340,11,5
3341,11,6
3342,17,5
3343,11,6
3344,11,7
3345,11,6
3346,11,5
3347,11,6
3348,11,7
3349,11,5
3350,11,5
3351,11,9
3352,11,6
3353,11,6
3354,11,7
3355,17,4
3356,11,4
3357,11,8
3358,10,4
3359,17,6
3360,10,5
3361,10,4
3362,11,4
3363,11,4
3364,11,7
3365,11,4
3366,11,6
3367,13,4
3368,11,5
3369,11,7
3370,11,7
3371,11,8
3372,11,6
3373,11,4
3374,11,4
3375,11,4
3376,11,5
3377,11,6
3378,11,7
3379,39,4
3380,31,4
3381,23,5
3382,11,5
3383,11,5
3384,17,5
3385,11,4
3386,11,6
3387,11,7
3388,11,6
3389,14,5
3390,14,2
3391,11,4
3392,11,6
3393,11,5
3394,11,5
3395,17,8
3396,15,7
3397,11,4
3398,22,4
3399,11,7
3400,15,7
3401,19,5
3402,13,4
3403,17,7
3404,11,6
3405,11,5
3406,11,5
3407,14,6
3408,11,6
3409,11,6
3410,12,4
3411,10,6
3412,23,5
3413,11,6
3414,11,6
3415,11,7
3416,14,4
3417,14,3
3418,11,7
3419,11,7
3420,11,5
3421,11,5
3422,11,4
3423,12,5
3424,11,7
3425,11,5
3426,11,3
3427,10,4
3428,11,4
3429,11,7
3430,11,5
3431,11,5
3432,11,4
3433,11,5
3434,11,5
3435,11,4
3436,11,5
3437,14,5
3438,17,4
3439,11,4
3440,52,3
3441,11,5
3442,11,5
3443,11,4
3444,11,7
3445,37,4
3446,11,4
3447,10,4
3448,11,5
3449,38,4
3450,11,6
3451,11,7
3452,23,4
3453,11,5
3454,14,5
3455,38,4
3456,11,5
3457,17,4
3458,11,4
3459,62,5
3460,11,4
3461,20,5
3462,11,5
3463,11,6
3464,11,5
3465,17,2
3466,20,4
3467,11,8
3468,11,4
3469,15,5
3470,11,4
3471,11,5
3472,11,7
3473,11,5
3474,11,3
3475,13,5
3476,11,3
3477,11,6
3478,25,5
3479,11,6
3480,11,4
3481,11,7
3482,11,6
3483,11,8
3484,11,6
3485,11,4
3486,11,4
3487,14,5
3488,34,6
3489,11,7
3490,13,6
3491,14,7
3492,13,4
3493,11,5
3494,17,2
3495,15,8
3496,11,2
3497,11,6
3498,11,2
3499,17,8
3500,10,4
3501,11,5
3502,14,7
3503,11,7
3504,17,5
3505,11,4
3506,11,5
3507,11,3
3508,11,4
3509,25,4
3510,11,6
3511,41,3
3512,11,4
3513,11,7
3514,38,5
3515,34,6
3516,23,4
3517,11,5
3518,11,5
3519,17,4
3520,23,5
3521,11,4
3522,17,3
3523,13,6
3524,11,4
3525,11,5
3526,11,5
3527,11,6
3528,17,4
3529,10,4
3530,11,5
3531,17,3
3532,11,3
3533,11,4
3534,11,4
3535,11,4
3536,17,4
3537,11,4
3538,17,6
3539,17,4
3540,11,4
3541,11,5
3542,11,5
3543,11,4
3544,10,4
3545,11,4
3546,11,7
3547,23,7
3548,11,7
3549,11,5
3550,11,4
3551,11,3
3552,11,8
3553,11,5
3554,11,5
3555,11,5
3556,11,5
3557,11,4
3558,11,4
3559,11,5
3560,25,4
3561,14,5
3562,11,5
3563,11,3
3564,11,6
3565,27,5
3566,11,5
3567,11,6
3568,11,6
3569,11,7
3570,12,5
3571,17,5
3572,11,4
3573,63,2
3574,11,8
3575,11,4
3576,11,5
3577,15,5
3578,11,4
3579,11,7
3580,11,4
3581,17,4
3582,11,4
3583,23,6
3584,17,5
3585,10,3
3586,11,6
3587,14,6
3588,11,4
3589,11,5
3590,17,5
3591,10,5
3592,11,4
3593,11,5
3594,14,5
3595,11,5
3596,19,4
3597,17,5
3598,11,5
3599,11,4
3600,11,2
3601,10,5
3602,11,4
3603,11,4
3604,14,5
3605,11,4
3606,17,8
3607,11,6
3608,11,7
3609,14,6
3610,17,4
3611,11,2
3612,11,4
3613,11,2
3614,12,3
3615,11,3
3616,14,5
3617,12,5
3618,11,4
3619,11,4
3620,11,6
3621,11,5
3622,11,5
3623,11,5
3624,11,4
3625,11,6
3626,13,4
3627,11,5
3628,12,4
3629,11,4
3630,11,5
3631,11,2
3632,35,4
3633,11,6
3634,11,4
3635,11,5
3636,14,4
3637,11,6
3638,17,7
3639,11,4
3640,11,6
3641,11,4
3642,15,7
3643,10,5
3644,11,5
3645,17,5
3646,11,5
3647,11,4
3648,11,7
3649,15,7
3650,11,6
3651,11,6
3652,11,7
3653,11,5
3654,11,5
3655,11,6
3656,11,6
3657,11,4
3658,11,7
3659,11,4
3660,14,4
3661,11,5
3662,11,1
3663,11,5
3664,11,6
3665,11,6
3666,11,8
3667,11,7
3668,11,5
3669,11,4
3670,17,8
3671,11,4
3672,11,4
3673,11,5
3674,11,4
3675,11,5
3676,11,6
3677,17,5
3678,11,5
3679,48,7
3680,15,5
3681,11,7
3682,11,6
3683,11,5
3684,11,7
3685,64,5
3686,17,3
3687,11,5
3688,11,4
3689,14,7
3690,14,4
3691,11,6
3692,17,4
3693,11,5
3694,11,4
3695,11,6
3696,11,6
3697,14,6
3698,12,4
3699,11,4
3700,23,4
3701,11,5
3702,11,5
3703,11,5
3704,11,4
3705,11,6
3706,11,5
3707,11,5
3708,17,4
3709,11,4
3710,11,5
3711,65,4
3712,11,5
3713,11,6
3714,11,5
3715,11,6
3716,11,4
3717,17,4
3718,22,5
3719,13,6
3720,11,4
3721,11,4
3722,11,5
3723,34,5
3724,10,5
3725,11,5
3726,11,2
3727,11,6
3728,11,5
3729,27,3
3730,11,4
3731,11,8
3732,11,5
3733,11,4
3734,11,5
3735,11,5
3736,11,7
3737,11,8
3738,11,5
3739,11,6
3740,11,5
3741,17,3
3742,11,5
3743,11,5
3744,14,5
3745,11,6
3746,14,5
3747,11,8
3748,11,8
3749,15,5
3750,11,6
3751,11,5
3752,14,4
3753,11,6
3754,11,6
3755,11,5
3756,11,5
3757,11,6
3758,14,4
3759,11,3
3760,17,8
3761,11,9
3762,10,4
3763,11,6
3764,11,5
3765,11,5
3766,13,4
3767,25,5
3768,11,5
3769,11,4
3770,26,4
3771,12,5
3772,11,6
3773,11,4
3774,10,5
3775,11,7
3776,14,6
3777,10,4
3778,13,4
3779,11,6
3780,13,4
3781,12,5
3782,11,4
3783,11,6
3784,11,5
3785,11,7
3786,11,5
3787,11,5
3788,11,5
3789,11,4
3790,13,4
3791,11,4
3792,34,7
3793,11,4
3794,11,4
3795,11,5
3796,17,5
3797,11,4
3798,11,4
3799,11,3
3800,15,5
3801,11,4
3802,11,6
3803,11,7
3804,11,5
3805,14,6
3806,11,4
3807,11,4
3808,11,8
3809,11,7
3810,11,6
3811,11,5
3812,11,7
3813,21,2
3814,39,5
3815,12,5
3816,11,5
3817,11,5
3818,11,5
3819,11,5
3820,10,5
3821,21,3
3822,11,5
3823,25,4
3824,14,6
3825,11,6
3826,11,6
3827,11,5
3828,11,5
3829,11,5
3830,11,5
3831,10,4
3832,11,4
3833,11,6
3834,11,3
3835,17,7
3836,11,3
3837,11,6
3838,10,4
3839,11,4
3840,11,4
3841,11,5
3842,11,5
3843,11,5
3844,22,4
3845,11,8
3846,14,3
3847,11,5
3848,11,5
3849,17,5
3850,11,5
3851,11,6
3852,11,4
3853,17,4
3854,11,5
3855,11,4
3856,11,4
3857,11,4
3858,25,4
3859,11,4
3860,11,4
3861,11,4
3862,11,6
3863,11,4
3864,11,6
3865,11,5
3866,11,4
3867,11,5
3868,11,4
3869,11,6
3870,14,4
3871,11,5
3872,11,7
3873,11,6
3874,14,5
3875,11,9
3876,11,6
3877,11,4
3878,10,3
3879,17,7
3880,10,4
3881,10,4
3882,10,4
3883,11,6
3884,10,6
3885,11,7
3886,22,4
3887,14,5
3888,11,6
3889,13,6
3890,11,7
3891,17,7
3892,11,5
3893,11,5
3894,11,5
3895,11,7
3896,11,6
3897,52,3
3898,15,4
3899,11,7
3900,11,4
3901,13,4
3902,11,5
3903,11,5
3904,11,5
3905,11,4
3906,17,4
3907,11,7
3908,15,4
3909,11,4
3910,17,7
3911,11,4
3912,17,5
3913,11,7
3914,11,6
3915,11,4
3916,13,4
3917,11,4
3918,20,3
3919,12,4
3920,11,7
3921,11,4
3922,11,6
3923,11,8
3924,11,4
3925,11,4
3926,11,5
3927,11,6
3928,11,5
3929,11,5
3930,11,6
3931,17,7
3932,11,2
3933,17,7
3934,17,4
3935,13,4
3936,11,7
3937,11,5
3938,11,4
3939,11,5
3940,12,5
3941,11,2
3942,11,2
3943,11,4
3944,11,7
3945,11,5
3946,11,2
3947,11,3
3948,11,6
3949,14,5
3950,11,4
3951,11,3
3952,11,7
3953,11,5
3954,11,4
3955,11,5
3956,11,6
3957,11,6
3958,11,3
3959,11,4
3960,17,5
3961,11,5
3962,15,4
3963,11,5
3964,11,7
3965,11,4
3966,15,5
3967,11,5
3968,11,3
3969,11,5
3970,11,6
3971,11,6
3972,17,5
3973,11,5
3974,10,4
3975,11,5
3976,14,6
3977,17,7
3978,11,5
3979,11,5
3980,25,5
3981,11,6
3982,11,5
3983,15,6
3984,14,7
3985,11,4
3986,11,4
3987,11,4
3988,11,5
3989,11,7
3990,11,4
3991,11,5
3992,14,3
3993,11,2
3994,11,3
3995,11,4
3996,11,5
3997,14,6
3998,11,5
3999,14,5
4000,15,7
4001,10,5
4002,11,6
4003,11,5
4004,11,5
4005,11,5
4006,38,7
4007,11,5
4008,11,4
4009,10,5
4010,12,3
4011,20,4
4012,17,4
4013,11,4
4014,11,4
4015,62,4
4016,34,4
4017,15,4
4018,11,4
4019,11,5
4020,11,6
4021,11,5
4022,11,5
4023,10,4
4024,11,5
4025,10,4
4026,11,5
4027,11,5
4028,11,7
4029,11,4
4030,11,6
4031,11,7
4032,11,7
4033,11,2
4034,11,6
4035,11,8
4036,17,4
4037,11,5
4038,11,3
4039,11,4
4040,11,5
4041,11,5
4042,17,3
4043,17,4
4044,14,4
4045,11,6
4046,11,7
4047,11,5
4048,25,6
4049,38,5
4050,11,4
4051,11,4
4052,11,4
4053,11,5
4054,11,4
4055,11,6
4056,11,5
4057,14,4
4058,11,6
4059,11,5
4060,11,5
4061,11,4
4062,11,6
4063,11,6
4064,11,4
4065,11,4
4066,11,6
4067,11,5
4068,17,7
4069,11,6
4070,11,5
4071,11,5
4072,11,6
4073,11,7
4074,11,6
4075,25,5
4076,11,4
4077,11,5
4078,25,5
4079,40,4
4080,11,6
4081,11,5
4082,15,3
4083,10,4
4084,17,5
4085,11,2
4086,25,5
4087,11,5
4088,10,5
4089,17,5
4090,20,4
4091,11,7
4092,26,4
4093,11,5
4094,21,4
4095,12,7
4096,11,4
4097,11,7
4098,23,4
4099,11,4
4100,11,6
4101,11,6
4102,11,5
4103,17,6
4104,11,6
4105,11,4
4106,11,3
4107,12,4
4108,12,6
4109,23,6
4110,17,4
4111,11,7
4112,11,4
4113,14,4
4114,11,6
4115,11,4
4116,11,6
4117,11,4
4118,11,6
4119,14,5
4120,11,5
4121,11,6
4122,11,5
4123,14,5
4124,11,4
4125,11,4
4126,11,6
4127,25,4
4128,11,5
4129,11,5
4130,17,4
4131,11,5
4132,14,4
4133,14,5
4134,11,9
4135,11,3
4136,14,5
4137,11,7
4138,11,6
4139,17,5
4140,11,6
4141,11,5
4142,15,8
4143,38,4
4144,11,4
4145,11,5
4146,66,5
4147,11,6
4148,11,4
4149,17,4
4150,11,5
4151,17,6
4152,11,5
4153,11,3
4154,11,7
4155,11,4
4156,10,4
4157,16,6
4158,11,5
4159,11,4
4160,11,4
4161,11,4
4162,11,5
4163,11,4
4164,25,3
4165,11,6
4166,11,5
4167,11,5
4168,21,4
4169,11,4
4170,17,5
4171,10,6
4172,11,4
4173,11,4
4174,14,2
4175,11,6
4176,11,7
4177,17,5
4178,14,5
4179,11,4
4180,11,3
4181,11,7
4182,11,9
4183,17,7
4184,11,6
4185,15,2
4186,10,4
4187,22,4
4188,11,4
4189,10,5
4190,14,5
4191,11,5
4192,46,4
4193,11,6
4194,11,7
4195,13,4
4196,11,4
4197,13,3
4198,10,5
4199,17,5
4200,17,4
4201,11,5
4202,11,5
4203,11,5
4204,11,7
4205,11,6
4206,17,5
4207,14,5
4208,11,8
4209,11,6
4210,11,5
4211,11,5
4212,11,5
4213,11,2
4214,11,6
4215,11,4
4216,11,4
4217,11,5
4218,11,6
4219,14,4
4220,25,4
4221,10,5
4222,12,5
4223,17,3
4224,11,5
4225,25,5
4226,10,4
4227,10,3
4228,11,6
4229,11,8
4230,11,3
4231,11,5
4232,11,4
4233,11,3
4234,11,7
4235,11,5
4236,57,4
4237,10,4
4238,17,4
4239,11,4
4240,11,4
4241,11,6
4242,25,5
4243,11,6
4244,11,4
4245,11,4
4246,11,4
4247,11,4
4248,13,4
4249,10,4
4250,17,4
4251,11,6
4252,11,5
4253,11,6
4254,11,6
4255,11,4
4256,11,3
4257,15,4
4258,11,1
4259,11,4
4260,11,5
4261,17,5
4262,11,6
4263,11,4
4264,17,2
4265,17,2
4266,11,5
4267,11,7
4268,11,6
4269,11,4
4270,11,5
4271,11,5
4272,11,7
4273,12,5
4274,11,7
4275,38,7
4276,67,5
4277,10,5
4278,11,5
4279,15,8
4280,13,6
4281,11,7
4282,11,3
4283,14,4
4284,11,6
4285,10,5
4286,11,7
4287,11,5
4288,14,6
4289,11,4
4290,11,5
4291,11,6
4292,11,6
4293,11,5
4294,11,5
4295,11,5
4296,17,4
4297,11,4
4298,11,4
4299,11,4
4300,11,3
4301,17,5
4302,14,3
4303,11,4
4304,11,5
4305,11,6
4306,14,4
4307,11,4
4308,21,4
4309,15,7
4310,17,7
4311,11,5
4312,15,4
4313,21,4
4314,11,7
4315,17,4
4316,11,4
4317,10,4
4318,11,4
4319,11,5
4320,14,4
4321,11,5
4322,11,6
4323,11,4
4324,11,3
4325,11,6
4326,14,5
4327,11,4
4328,11,5
4329,17,5
4330,11,5
4331,11,5
4332,11,5
4333,11,5
4334,11,4
4335,11,4
4336,14,5
4337,14,4
4338,25,4
4339,14,5
4340,40,4
4341,25,4
4342,10,4
4343,25,5
4344,34,6
4345,11,5
4346,11,4
4347,21,4
4348,68,5
4349,11,5
4350,11,5
4351,11,3
4352,11,4
4353,10,4
4354,11,4
4355,11,6
4356,11,7
4357,11,6
4358,11,7
4359,11,4
4360,11,5
4361,11,8
4362,11,3
4363,14,4
4364,12,5
4365,11,4
4366,11,6
4367,11,3
4368,17,4
4369,11,6
4370,34,6
4371,14,6
4372,10,4
4373,11,5
4374,11,6
4375,11,5
4376,11,7
4377,11,6
4378,11,5
4379,11,5
4380,11,6
4381,17,5
4382,11,5
4383,11,5
4384,12,5
4385,21,6
4386,23,6
4387,11,6
4388,11,5
4389,11,4
4390,11,5
4391,11,5
4392,11,7
4393,17,5
4394,11,5
4395,11,6
4396,11,5
4397,25,5
4398,11,5
4399,11,1
4400,34,5
4401,11,8
4402,17,3
4403,11,4
4404,10,4
4405,11,7
4406,11,3
4407,17,4
4408,17,6
4409,11,6
4410,17,5
4411,11,5
4412,17,4
4413,11,4
4414,13,5
4415,11,5
4416,11,7
4417,11,4
4418,11,2
4419,11,4
4420,12,3
4421,11,4
4422,11,4
4423,11,7
4424,11,5
4425,17,4
4426,11,5
4427,14,4
4428,11,5
4429,11,6
4430,11,4
4431,11,4
4432,11,4
4433,11,4
4434,11,1
4435,11,7
4436,11,4
4437,11,5
4438,11,6
4439,11,7
4440,11,7
4441,11,5
4442,23,4
4443,10,5
4444,11,5
4445,17,4
4446,11,7
4447,11,7
4448,17,5
4449,25,4
4450,11,7
4451,17,4
4452,17,6
4453,17,4
4454,11,2
4455,11,3
4456,14,4
4457,11,5
4458,11,5
4459,17,5
4460,14,5
4461,17,2
4462,11,5
4463,11,4
4464,11,4
4465,11,6
4466,11,6
4467,11,4
4468,25,4
4469,11,4
4470,11,5
4471,11,5
4472,17,7
4473,26,4
4474,11,4
4475,17,4
4476,11,5
4477,11,6
4478,11,5
4479,13,4
4480,17,4
4481,12,5
4482,11,4
4483,11,5
4484,11,5
4485,11,4
4486,11,6
4487,11,4
4488,11,5
4489,11,5
4490,11,4
4491,11,5
4492,11,7
4493,11,5
4494,11,7
4495,11,5
4496,11,6
4497,11,5
4498,11,5
4499,11,4
4500,11,4
4501,11,4
4502,14,6
4503,11,7
4504,17,5
4505,11,4
4506,11,7
4507,11,7
4508,11,6
4509,11,6
4510,11,6
4511,11,7
4512,59,3
4513,11,6
4514,11,4
4515,11,6
4516,11,5
4517,11,4
4518,11,5
4519,14,4
4520,13,4
4521,14,6
4522,10,4
4523,11,2
4524,25,5
4525,11,5
4526,11,5
4527,11,7
4528,25,4
4529,15,4
4530,11,5
4531,11,5
4532,15,5
4533,11,5
4534,11,6
4535,11,5
4536,17,5
4537,11,5
4538,11,4
4539,11,5
4540,11,4
4541,11,4
4542,17,4
4543,15,6
4544,11,4
4545,11,5
4546,11,4
4547,35,4
4548,11,1
4549,25,4
4550,11,6
4551,10,5
4552,17,4
4553,11,4
4554,11,5
4555,11,6
4556,11,4
4557,10,5
4558,11,5
4559,14,5
4560,10,4
4561,11,4
4562,59,4
4563,11,4
4564,17,5
4565,12,2
4566,41,5
4567,11,6
4568,11,7
4569,11,5
4570,13,4
4571,10,4
4572,11,4
4573,11,7
4574,15,6
4575,11,6
4576,25,6
4577,11,4
4578,11,7
4579,12,4
4580,11,4
4581,11,4
4582,11,6
4583,11,4
4584,11,5
4585,17,4
4586,11,4
4587,11,5
4588,11,6
4589,12,4
4590,11,7
4591,17,4
4592,11,6
4593,11,8
4594,11,5
4595,11,6
4596,11,4
4597,11,4
4598,17,6
4599,38,6
4600,11,4
4601,12,4
4602,11,4
4603,11,6
4604,11,1
4605,11,5
4606,11,5
4607,11,5
4608,11,4
4609,11,7
4610,17,6
4611,12,4
4612,11,4
4613,11,5
4614,23,4
4615,15,5
4616,22,6
4617,17,7
4618,11,3
4619,11,6
4620,11,4
4621,11,4
4622,11,3
4623,25,5
4624,22,4
4625,22,4
4626,10,4
4627,11,4
4628,15,5
4629,11,8
4630,11,6
4631,17,4
4632,11,4
4633,26,3
4634,17,4
4635,12,6
4636,11,6
4637,11,5
4638,11,6
4639,13,5
4640,11,5
4641,11,5
4642,17,4
4643,17,6
4644,11,5
4645,11,6
4646,23,4
4647,11,6
4648,11,4
4649,23,4
4650,17,5
4651,11,5
4652,27,3
4653,11,4
4654,11,4
4655,13,4
4656,17,5
4657,10,5
4658,11,4
4659,11,6
4660,11,4
4661,11,5
4662,11,6
4663,11,5
4664,11,5
4665,11,5
4666,11,5
4667,11,9
4668,11,4
4669,35,5
4670,11,5
4671,11,5
4672,11,6
4673,11,7
4674,12,7
4675,17,4
4676,11,6
4677,11,6
4678,11,4
4679,11,8
4680,11,6
4681,11,7
4682,11,6
4683,11,6
4684,11,5
4685,11,5
4686,11,5
4687,11,6
4688,11,4
4689,11,5
4690,11,5
4691,11,5
4692,14,5
4693,11,5
4694,11,7
4695,11,5
4696,11,4
4697,11,5
4698,11,5
4699,12,4
4700,11,5
4701,11,8
4702,11,7
4703,21,4
4704,17,6
4705,11,6
4706,11,8
4707,11,6
4708,11,6
4709,11,5
4710,11,6
4711,11,6
4712,11,7
4713,11,5
4714,11,5
4715,11,5
4716,11,5
4717,11,4
4718,31,4
4719,17,4
4720,11,4
4721,11,3
4722,11,5
4723,11,4
4724,11,5
4725,11,4
4726,21,3
4727,11,5
4728,38,4
4729,11,5
4730,34,5
4731,17,5
4732,14,2
4733,11,7
4734,11,7
4735,11,6
4736,23,6
4737,11,5
4738,11,7
4739,11,5
4740,11,5
4741,11,1
4742,11,5
4743,14,5
4744,11,4
4745,23,4
4746,11,4
4747,21,2
4748,11,4
4749,14,4
4750,11,5
4751,11,4
4752,11,6
4753,11,5
4754,11,6
4755,11,6
4756,11,5
4757,17,3
4758,17,4
4759,11,5
4760,11,8
4761,11,7
4762,11,7
4763,17,6
4764,11,4
4765,11,7
4766,15,4
4767,11,5
4768,10,5
4769,11,4
4770,11,5
4771,11,5
4772,11,6
4773,11,5
4774,11,5
4775,11,8
4776,11,4
4777,11,5
4778,11,4
4779,11,5
4780,11,4
4781,13,4
4782,11,4
4783,11,5
4784,11,5
4785,11,7
4786,11,4
4787,14,6
4788,11,5
4789,17,4
4790,11,5
4791,23,5
4792,11,4
4793,11,5
4794,12,5
4795,11,4
4796,11,4
4797,11,5
4798,11,5
4799,11,5
4800,15,7
4801,15,9
4802,11,7
4803,10,3
4804,13,4
4805,11,5
4806,11,5
4807,11,5
4808,14,4
4809,11,7
4810,11,6
4811,34,7
4812,14,5
4813,11,5
4814,14,8
4815,10,4
4816,11,3
4817,11,4
4818,14,6
4819,11,5
4820,11,4
4821,11,4
4822,17,4
4823,10,4
4824,25,6
4825,11,5
4826,34,7
4827,11,8
4828,11,4
4829,11,4
4830,11,4
4831,11,1
4832,11,5
4833,11,5
4834,17,5
4835,11,3
4836,11,3
4837,38,5
4838,11,8
4839,11,4
4840,34,5
4841,59,4
4842,11,4
4843,11,6
4844,11,6
4845,11,5
4846,11,4
4847,11,6
4848,14,6
4849,19,6
4850,38,4
4851,14,5
4852,17,4
4853,11,6
4854,11,6
4855,11,6
4856,11,5
4857,10,5
4858,11,4
4859,11,3
4860,11,4
4861,14,5
4862,11,4
4863,12,4
4864,17,3
4865,15,4
4866,11,1
4867,23,4
4868,17,4
4869,11,7
4870,10,4
4871,10,4
4872,12,4
4873,38,5
4874,11,5
4875,17,1
4876,11,8
4877,11,5
4878,11,7
4879,11,6
4880,11,7
4881,11,1
4882,17,5
4883,11,6
4884,11,6
4885,34,5
4886,11,8
4887,11,6
4888,10,5
4889,11,6
4890,17,5
4891,11,7
4892,11,4
4893,11,6
4894,11,5
4895,17,5
4896,11,7
4897,11,4
4898,11,5
