30,1,2,19
31,0,8,25
32,0,4,24
33,0,6,16
34,0,4,29
35,1,7,18
36,0,5,10
37,0,4,21
38,0,4,26
39,1,5,10
40,1,4,10
41,0,4,21
42,0,6,10
43,0,5,9
44,0,4,16
45,1,5,9
46,0,7,10
47,1,3,12
48,0,2,19
49,0,4,23
50,0,3,25
51,0,3,24
52,0,5,9
53,1,4,16
54,0,3,13
55,0,4,16
56,0,4,20
57,1,4,10
58,0,5,16
59,1,5,16
60,0,8,16
61,1,4,9
62,0,6,12
63,1,3,9
64,0,6,10
65,0,4,12
66,1,4,18
67,1,3,13
68,0,3,13
69,0,6,9
70,1,3,13
71,0,4,17
72,0,4,21
73,0,6,26
74,1,6,25
75,0,3,28
76,0,3,13
77,0,4,13
78,0,3,21
79,1,4,11
80,1,2,19
81,0,3,13
82,0,4,9
83,0,7,10
84,1,5,21
85,0,5,29
86,0,3,28
87,0,4,11
88,1,7,10
89,0,7,10
90,0,4,26
91,1,5,12
92,0,3,13
93,0,3,10
94,0,5,21
95,0,4,27
96,1,7,14
97,0,3,13
98,1,4,10
99,0,3,13
100,0,4,23
101,1,6,9
102,0,3,13
103,0,5,23
104,1,2,19
105,0,5,16
106,0,3,13
107,1,6,10
108,1,6,9
109,0,8,10
110,1,4,9
111,0,4,26
112,1,4,11
113,0,3,13
114,0,3,13
115,1,2,19
116,0,4,23
117,1,6,10
118,1,8,18
119,0,8,22
120,0,5,16
121,1,3,13
122,0,4,26
123,0,4,26
124,0,6,9
125,1,4,25
126,1,5,12
127,1,5,16
128,1,2,19
129,0,5,26
130,1,3,12
131,0,5,28
132,0,6,16
133,0,4,21
134,0,6,21
135,1,5,20
136,0,6,27
137,0,4,21
138,0,6,24
139,0,4,11
140,0,5,24
141,0,4,25
142,0,3,21
143,1,4,11
144,0,4,26
145,0,4,26
146,0,4,26
147,0,5,26
148,1,2,19
149,0,4,20
150,0,5,16
151,1,3,13
152,0,5,18
153,0,8,16
154,0,6,23
155,0,3,18
156,1,6,12
157,0,8,15
158,0,4,20
159,0,5,26
160,0,3,13
161,0,4,26
162,1,4,9
163,0,4,9
164,0,3,13
165,0,3,11
166,1,6,15
167,0,3,29
168,1,4,29
169,1,5,10
170,0,5,22
171,0,4,16
172,0,3,12
173,0,4,26
174,0,3,13
175,1,5,29
176,0,3,13
177,0,7,26
178,0,4,10
179,0,5,16
180,1,4,29
181,0,3,13
182,0,2,19
183,0,7,29
184,0,5,21
185,1,6,16
186,0,5,25
187,0,8,16
188,1,6,9
189,0,5,16
190,0,6,25
191,1,3,13
192,0,3,13
193,1,8,22
194,0,3,25
195,0,3,13
196,1,4,20
197,1,7,9
198,0,4,16
199,0,4,20
200,1,7,26
201,0,4,12
202,0,4,9
203,0,4,25
204,1,4,11
205,1,3,12
206,0,7,10
207,0,8,26
208,0,4,9
209,0,6,21
210,0,3,26
211,0,3,13
212,1,6,10
213,1,4,9
214,0,6,9
215,0,3,14
216,1,6,10
217,0,8,25
218,0,3,9
219,0,4,26
220,0,3,13
221,0,3,10
222,1,6,24
223,1,2,19
224,0,4,21
225,1,5,18
226,0,3,23
227,0,4,21
228,0,3,13
229,1,3,13
230,1,5,11
231,0,3,13
232,1,3,13
233,0,4,16
234,0,5,21
235,0,4,26
236,0,4,21
237,0,5,26
238,0,5,10
239,1,2,19
240,0,6,26
241,0,4,25
242,1,3,13
243,0,3,29
244,0,5,23
245,0,6,22
246,0,3,13
247,0,5,23
248,1,4,13
249,0,4,21
250,1,4,9
251,0,4,10
252,0,4,26
253,1,3,13
254,0,4,16
255,0,5,10
256,0,5,29
257,0,4,24
258,0,3,19
259,0,6,10
260,0,4,12
261,0,4,29
262,1,6,29
263,0,5,16
264,0,4,9
265,0,4,14
266,0,4,15
267,1,7,16
268,0,3,28
269,0,7,26
270,0,5,29
271,1,3,13
272,0,4,25
273,0,7,16
274,0,5,25
275,1,3,13
276,0,4,26
277,0,3,26
278,1,3,23
279,0,5,25
280,0,8,26
281,0,4,21
282,1,4,20
283,0,5,26
284,0,5,9
285,0,6,25
286,0,3,27
287,0,4,16
288,0,4,10
289,0,3,28
290,0,4,29
291,1,4,10
292,1,4,16
293,0,5,9
294,1,5,16
295,0,5,20
296,0,6,21
297,1,3,21
298,0,4,11
299,0,7,23
300,0,3,13
301,0,3,9
302,0,3,13
303,0,3,13
304,0,4,9
305,0,6,25
306,1,5,10
307,0,6,27
308,0,4,23
309,0,7,16
310,1,5,9
311,0,4,26
312,0,4,9
313,0,4,21
314,1,5,9
315,0,4,10
316,0,7,22
317,1,4,21
318,1,4,9
319,1,4,29
320,0,5,21
321,0,5,16
322,0,8,10
323,1,6,18
324,0,3,9
325,0,7,14
326,0,3,11
327,1,3,13
328,0,4,21
329,0,4,16
330,0,3,13
331,0,3,13
332,0,4,16
333,0,4,9
334,1,3,9
335,0,3,9
336,0,7,25
337,0,4,11
338,0,4,13
339,1,3,13
340,0,3,13
341,1,7,11
342,1,3,13
343,1,8,18
344,1,8,10
345,0,8,22
346,0,5,16
347,1,8,22
348,1,7,15
349,0,5,15
350,0,3,13
351,0,8,26
352,0,6,21
353,0,5,26
354,1,7,12
355,0,7,20
356,0,5,27
357,0,5,21
358,0,5,16
359,0,8,16
360,0,4,16
361,0,7,10
362,0,5,11
363,1,8,11
364,0,5,27
365,0,3,9
366,0,3,28
367,0,5,16
368,0,7,16
369,1,4,12
370,1,8,22
371,0,3,21
372,1,5,12
373,0,5,23
374,0,4,21
375,1,4,9
376,1,8,10
377,0,7,16
378,0,2,19
379,0,6,29
380,0,3,13
381,0,3,13
382,1,5,16
383,0,5,10
384,0,3,12
385,0,8,29
386,0,3,9
387,1,8,10
388,0,4,26
389,0,5,26
390,1,4,23
391,0,5,29
392,0,3,19
393,1,5,10
394,1,3,13
395,0,7,24
396,0,7,21
397,0,4,9
398,0,5,10
399,0,3,26
400,0,3,13
401,1,3,13
402,1,4,11
403,1,5,23
404,0,4,11
405,0,5,10
406,0,4,26
407,1,3,9
408,1,5,10
409,0,4,11
410,0,5,26
411,1,5,29
412,1,4,16
413,0,4,20
414,0,4,15
415,0,4,9
416,1,5,16
417,1,4,9
418,0,4,15
419,0,4,13
420,0,6,20
421,0,3,16
422,0,5,26
423,0,3,9
424,0,3,14
425,0,4,10
426,0,5,26
427,0,4,26
428,1,5,15
429,1,3,12
430,0,3,9
431,0,4,20
432,0,3,13
433,0,3,13
434,0,8,10
435,0,4,29
436,0,3,26
437,0,4,20
438,0,3,21
439,1,4,10
440,1,6,10
441,0,5,24
442,0,4,20
443,0,4,9
444,1,5,9
445,0,6,23
446,1,4,9
447,1,4,12
448,0,3,12
449,0,5,10
450,1,6,12
451,0,8,26
452,0,3,13
453,0,4,26
454,0,4,21
455,0,3,13
456,0,5,21
457,1,3,13
458,0,3,9
459,1,3,19
460,0,3,19
461,0,6,25
462,0,7,15
463,1,6,12
464,0,4,16
465,0,3,13
466,0,5,26
467,0,3,20
468,0,5,23
469,0,8,10
470,0,5,10
471,0,4,10
472,0,4,12
473,0,8,9
474,0,6,21
475,1,7,9
476,1,6,20
477,0,4,26
478,0,4,16
479,0,6,10
480,0,8,22
481,0,7,26
482,0,3,13
483,0,4,29
484,1,5,11
485,0,5,9
486,0,3,13
487,0,7,25
488,1,3,13
489,0,6,27
490,0,7,16
491,0,3,25
492,0,4,16
493,1,3,13
494,0,3,28
495,0,4,14
496,1,5,12
497,1,2,19
498,0,5,15
499,1,2,19
500,0,5,16
501,0,5,9
502,1,3,13
503,0,4,26
504,1,4,11
505,0,5,9
506,0,5,23
507,0,7,25
508,0,4,21
509,1,3,13
510,0,6,16
511,0,4,23
512,0,3,21
513,1,2,19
514,0,8,16
515,0,8,9
516,1,5,26
517,0,4,21
518,0,3,13
519,0,2,19
520,0,3,13
521,0,4,21
522,0,7,16
523,1,5,9
524,0,3,19
525,0,3,13
526,1,4,26
527,0,5,26
528,1,4,10
529,1,3,11
530,0,4,11
531,0,5,15
532,0,5,20
533,0,4,11
534,0,5,26
535,0,4,25
536,1,4,9
537,0,4,21
538,0,4,11
539,0,3,21
540,1,6,13
541,0,5,9
542,0,4,9
543,0,4,11
544,0,4,10
545,1,8,23
546,1,4,23
547,1,5,21
548,1,5,23
549,1,5,29
550,0,8,16
551,0,4,21
552,0,7,16
553,0,3,9
554,0,5,15
555,0,6,26
556,1,4,11
557,1,3,26
558,0,5,21
559,0,4,11
560,1,3,23
561,0,4,16
562,0,4,21
563,0,4,24
564,0,5,15
565,0,4,29
566,0,6,23
567,0,8,25
568,0,4,11
569,0,3,10
570,1,3,13
571,0,3,13
572,0,4,14
573,0,5,21
574,0,5,26
575,1,4,9
576,0,5,21
577,1,5,25
578,0,4,15
579,0,6,17
580,0,5,29
581,0,7,27
582,0,4,11
583,0,4,21
584,0,3,13
585,1,4,18
586,0,8,10
587,0,5,29
588,1,4,16
589,0,6,24
590,1,3,23
591,0,5,29
592,0,4,13
593,0,6,10
594,0,4,25
595,0,4,26
596,0,5,29
597,1,7,26
598,1,3,13
599,0,4,13
600,0,7,14
601,0,3,13
602,1,5,11
603,0,4,28
604,0,4,21
605,1,6,24
606,0,5,9
607,0,3,26
608,0,4,14
609,0,2,19
610,0,7,23
611,0,3,13
612,1,4,9
613,1,4,9
614,0,3,10
615,0,5,23
616,0,4,29
617,1,4,20
618,0,3,11
619,1,5,15
620,0,4,9
621,0,3,9
622,1,7,10
623,1,8,22
624,0,4,16
625,1,4,10
626,0,5,21
627,0,5,16
628,0,7,15
629,0,5,26
630,1,3,29
631,1,8,15
632,1,4,15
633,0,6,26
634,1,3,13
635,1,2,19
636,0,4,9
637,0,3,13
638,0,4,16
639,0,4,13
640,0,5,9
641,0,7,16
642,0,5,29
643,0,5,10
644,0,7,26
645,0,4,16
646,1,4,16
647,0,4,9
648,1,3,10
649,0,3,9
650,0,3,13
651,0,4,9
652,0,4,26
653,0,4,10
654,1,5,21
655,0,3,13
656,0,7,11
657,1,5,9
658,1,2,19
659,1,5,23
660,0,5,26
661,0,6,26
662,0,4,26
663,1,2,19
664,0,8,26
665,0,3,29
666,0,5,21
667,0,4,15
668,0,6,26
669,0,3,13
670,1,5,9
671,1,5,10
672,0,4,11
673,0,4,29
674,0,5,29
675,0,5,16
676,0,5,21
677,1,4,21
678,0,4,13
679,0,4,26
680,0,5,16
681,0,3,29
682,0,8,22
683,0,7,16
684,1,4,11
685,1,6,25
686,1,7,22
687,1,4,9
688,1,4,9
689,0,6,25
690,0,6,10
691,0,3,13
692,1,4,16
693,0,5,27
694,0,3,11
695,1,3,9
696,0,4,27
697,1,4,12
698,0,4,26
699,0,4,21
700,0,3,13
701,0,5,16
702,0,4,29
703,0,4,26
704,0,4,29
705,0,3,25
706,0,7,11
707,0,4,9
708,0,5,25
709,0,4,21
710,0,5,16
711,0,4,13
712,0,4,13
713,0,4,13
714,0,4,13
715,0,3,13
716,1,4,16
717,0,8,22
718,1,7,9
719,0,4,21
720,0,5,20
721,1,4,9
722,0,5,21
723,0,3,13
724,1,3,10
725,0,4,21
726,1,7,15
727,0,3,13
728,0,3,9
729,0,7,26
730,1,3,13
731,0,5,16
732,1,8,10
733,1,5,17
734,0,4,13
735,0,5,29
736,0,5,16
737,0,4,9
738,0,3,9
739,0,4,29
740,0,4,27
741,0,4,9
742,0,5,16
743,0,3,13
744,0,3,9
745,0,3,13
746,0,4,20
747,0,3,11
748,0,2,9
749,0,3,9
750,1,5,18
751,0,4,21
752,0,4,21
753,0,7,22
754,0,8,20
755,1,4,18
756,0,5,20
757,0,4,15
758,0,5,21
759,0,4,9
760,0,6,12
761,0,4,16
762,0,5,25
763,0,4,16
764,0,4,23
765,0,3,21
766,0,2,28
767,0,3,26
768,0,5,21
769,0,4,23
770,0,4,14
771,0,3,9
772,1,2,11
773,0,4,26
774,0,2,19
775,1,3,28
776,0,3,13
777,0,4,9
778,0,5,27
779,1,5,18
780,1,4,26
781,1,4,12
782,0,2,19
783,0,5,16
784,1,5,9
785,0,5,9
786,0,4,21
787,0,5,16
788,1,8,12
789,0,8,24
790,0,3,16
791,0,2,19
792,0,3,19
793,0,3,29
794,0,4,26
795,1,4,16
796,0,4,21
797,0,4,21
798,0,6,26
799,0,3,13
800,1,7,10
801,0,3,21
802,0,4,15
803,0,3,13
804,0,2,26
805,1,4,12
806,0,3,28
807,0,3,26
808,0,4,9
809,0,4,26
810,0,3,13
811,0,8,10
812,0,4,13
813,0,3,9
814,0,3,28
815,0,4,9
816,0,3,13
817,0,4,9
818,0,3,10
819,0,4,26
820,0,5,16
821,0,4,26
822,1,5,23
823,0,7,29
824,1,5,23
825,0,7,15
826,1,7,16
827,1,4,29
828,1,4,14
829,1,5,21
830,1,4,29
831,0,4,25
832,0,3,13
833,0,4,29
834,0,5,21
835,0,5,9
836,0,3,13
837,0,4,16
838,0,4,26
839,0,4,21
840,0,7,9
841,0,4,15
842,0,3,13
843,1,3,13
844,0,4,13
845,0,6,9
846,0,3,13
847,0,3,13
848,0,5,16
849,0,5,16
850,0,3,11
851,1,4,10
852,0,4,9
853,0,5,21
854,0,8,10
855,1,5,10
856,0,6,11
857,0,3,13
858,0,2,28
859,0,5,16
860,1,6,9
861,0,3,11
862,0,5,16
863,1,5,21
864,0,8,9
865,0,4,20
866,0,8,16
867,0,7,26
868,0,4,9
869,1,4,12
870,1,7,23
871,1,3,9
872,0,4,16
873,0,4,9
874,1,3,9
875,0,4,14
876,1,4,16
877,0,4,24
878,0,4,12
879,0,5,9
880,0,3,13
881,0,4,14
882,0,4,26
883,1,4,25
884,1,3,11
885,1,6,15
886,0,5,26
887,0,5,23
888,0,4,21
889,0,3,9
890,0,4,16
891,0,5,16
892,0,4,16
893,1,4,9
894,0,5,10
895,0,2,19
896,0,6,21
897,0,7,26
898,0,3,29
899,1,4,10
900,0,2,19
901,0,7,10
902,0,8,15
903,0,6,24
904,0,2,19
905,0,4,13
906,0,4,9
907,0,3,11
908,0,6,25
909,0,5,26
910,0,3,23
911,0,3,11
912,1,5,23
913,0,2,19
914,0,5,9
915,1,8,9
916,1,8,25
917,1,2,19
918,0,6,29
919,0,3,13
920,0,4,10
921,0,5,9
922,1,7,15
923,0,3,13
924,0,7,10
925,0,3,24
926,0,4,15
927,0,4,16
928,1,4,10
929,1,8,22
930,1,8,9
931,0,8,9
932,0,8,22
933,0,5,29
934,1,6,21
935,0,2,19
936,1,6,15
937,1,7,10
938,0,6,16
939,1,7,9
940,0,7,9
941,1,5,11
942,0,4,9
943,1,5,18
944,0,4,16
945,1,4,10
946,0,7,15
947,1,6,10
948,1,5,10
949,0,3,13
950,0,4,26
951,0,8,25
952,0,4,16
953,0,7,26
954,1,5,12
955,0,2,19
956,1,4,29
957,1,8,25
958,0,4,24
959,0,4,14
960,1,8,10
961,1,5,15
962,0,6,10
963,1,5,16
964,0,5,23
965,0,3,13
966,0,4,24
967,1,4,10
968,1,4,29
969,0,2,19
970,0,3,29
971,1,7,15
972,1,6,21
973,0,5,9
974,0,6,16
975,0,5,16
976,0,3,9
977,0,8,21
978,0,7,26
979,0,5,16
980,0,6,11
981,0,8,25
982,0,7,29
983,1,4,9
984,1,7,16
985,0,5,10
986,0,5,10
987,0,5,11
988,0,7,20
989,0,2,19
990,0,3,19
991,1,4,10
992,0,4,9
993,0,4,16
994,0,8,16
995,0,8,11
996,1,3,9
997,0,7,21
998,1,4,20
999,0,4,9
1000,0,4,21
1001,0,6,10
1002,1,4,10
1003,0,5,28
1004,0,5,9
1005,0,5,23
1006,0,4,11
1007,0,3,9
1008,0,2,19
1009,0,4,15
1010,0,4,29
1011,1,4,18
1012,1,4,25
1013,0,7,25
1014,0,4,13
1015,1,8,9
1016,1,5,26
1017,0,7,20
1018,0,7,9
1019,0,3,15
1020,1,4,18
1021,1,5,12
1022,0,4,9
1023,0,3,11
1024,1,3,13
1025,0,4,26
1026,0,2,28
1027,0,6,29
1028,0,4,24
1029,1,4,15
1030,0,4,13
1031,0,7,20
1032,0,4,11
1033,0,4,12
1034,0,5,20
1035,0,3,13
1036,0,7,21
1037,0,5,12
1038,0,7,16
1039,0,4,9
1040,0,4,17
1041,1,5,10
1042,0,8,22
1043,1,6,26
1044,0,5,12
1045,0,8,25
1046,0,5,9
1047,0,3,13
1048,0,5,10
1049,0,3,29
1050,0,5,9
1051,0,4,12
1052,0,8,22
1053,1,5,10
1054,0,4,25
1055,1,6,9
1056,0,3,13
1057,1,6,16
1058,0,4,9
1059,0,4,16
1060,0,5,25
1061,0,7,25
1062,0,4,14
1063,1,5,10
1064,0,3,11
1065,0,5,16
1066,0,6,16
1067,1,8,24
1068,1,5,10
1069,0,4,20
1070,0,6,11
1071,0,5,14
1072,1,7,20
1073,0,4,29
1074,1,2,19
1075,0,8,27
1076,0,3,9
1077,0,5,15
1078,0,6,23
1079,0,4,10
1080,1,4,9
1081,1,5,11
1082,0,5,9
1083,0,2,19
1084,0,5,9
1085,0,2,9
1086,0,6,26
1087,0,4,10
1088,1,4,9
1089,0,3,19
1090,0,6,9
1091,0,7,28
1092,0,5,16
1093,0,4,16
1094,1,4,9
1095,0,6,21
1096,0,5,21
1097,1,3,13
1098,0,4,29
1099,1,6,11
1100,0,7,25
1101,1,5,16
1102,1,4,15
1103,0,6,26
1104,1,4,15
1105,1,4,12
1106,0,4,12
1107,1,6,18
1108,0,4,16
1109,0,8,16
1110,0,3,13
1111,0,6,16
1112,0,8,9
1113,0,2,28
1114,0,4,16
1115,0,3,13
1116,0,4,25
1117,1,2,19
1118,0,5,15
1119,0,4,16
1120,0,3,14
1121,1,3,13
1122,0,7,23
1123,1,3,9
1124,1,8,15
1125,0,2,19
1126,0,3,26
1127,0,5,16
1128,0,4,26
1129,0,4,9
1130,0,5,10
1131,0,3,10
1132,1,6,16
1133,0,5,20
1134,0,5,15
1135,0,3,13
1136,1,7,10
1137,0,8,10
1138,0,3,19
1139,1,8,15
1140,1,7,25
1141,0,3,15
1142,0,3,13
1143,1,3,18
1144,1,4,10
1145,0,4,24
1146,0,3,23
1147,0,7,22
1148,0,5,10
1149,0,3,13
1150,0,8,16
1151,0,8,23
1152,0,7,9
1153,0,4,11
1154,1,3,13
1155,0,8,25
1156,0,4,9
1157,0,4,10
1158,0,5,26
1159,0,3,16
1160,0,8,22
1161,0,3,21
1162,0,3,11
1163,0,3,29
1164,0,7,22
1165,1,5,16
1166,0,3,13
1167,0,3,21
1168,0,4,10
1169,1,6,11
1170,1,4,12
1171,0,3,10
1172,0,7,16
1173,0,4,16
1174,0,7,12
1175,1,3,25
1176,0,4,29
1177,0,5,26
1178,0,4,21
1179,1,4,29
1180,0,4,24
1181,0,3,13
1182,0,3,19
1183,1,2,19
1184,0,4,21
1185,1,7,11
1186,0,6,16
1187,1,5,10
1188,0,3,9
1189,0,3,23
1190,0,4,9
1191,1,5,9
1192,0,2,19
1193,1,4,28
1194,0,4,21
1195,0,8,15
1196,1,7,10
1197,1,4,9
1198,0,4,29
1199,0,8,12
1200,0,6,21
1201,1,4,9
1202,1,4,16
1203,1,3,25
1204,1,4,11
1205,0,8,10
1206,1,4,26
1207,0,8,9
1208,0,7,10
1209,1,7,29
1210,0,5,16
1211,0,2,19
1212,0,5,28
1213,1,4,13
1214,1,5,10
1215,0,3,28
1216,1,2,9
1217,0,6,16
1218,0,4,9
1219,0,6,9
1220,1,5,9
1221,0,7,25
1222,0,4,21
1223,1,4,10
1224,1,2,19
1225,1,3,23
1226,0,5,10
1227,0,2,19
1228,0,7,22
1229,0,2,9
1230,0,3,13
1231,0,5,21
1232,1,4,10
1233,0,4,16
1234,1,8,9
1235,1,7,16
1236,0,7,9
1237,0,4,9
1238,0,5,16
1239,0,4,26
1240,0,3,13
1241,1,7,10
1242,0,7,9
1243,0,8,22
1244,0,5,26
1245,0,4,11
1246,0,4,21
1247,0,8,24
1248,0,4,16
1249,0,2,19
1250,0,3,9
1251,0,5,9
1252,0,4,11
1253,0,7,22
1254,0,6,16
1255,0,3,29
1256,0,7,10
1257,0,4,10
1258,1,4,13
1259,0,4,20
1260,0,4,21
1261,1,3,13
1262,1,6,29
1263,0,3,13
1264,1,4,16
1265,1,4,10
1266,0,3,13
1267,1,5,29
1268,1,4,29
1269,1,3,23
1270,0,2,19
1271,1,5,9
1272,0,5,24
1273,0,4,13
1274,0,4,26
1275,0,3,13
1276,0,5,9
1277,1,5,29
1278,0,5,11
1279,0,7,9
1280,0,4,16
1281,0,8,22
1282,1,5,29
1283,1,3,10
1284,0,4,26
1285,0,4,29
1286,1,3,23
1287,0,6,16
1288,0,5,16
1289,0,4,26
1290,0,3,13
1291,0,4,13
1292,0,2,19
1293,0,4,10
1294,1,3,29
1295,0,4,13
1296,0,4,24
1297,0,7,11
1298,1,8,22
1299,0,4,15
1300,1,6,15
1301,0,3,29
1302,0,5,11
1303,0,6,16
1304,0,7,26
1305,0,5,26
1306,1,3,9
1307,0,3,13
1308,0,5,10
1309,0,2,19
1310,0,4,28
1311,0,7,10
1312,1,3,10
1313,0,6,25
1314,0,5,13
1315,0,5,26
1316,1,7,16
1317,1,5,28
1318,0,6,15
1319,0,5,9
1320,1,5,9
1321,0,4,16
1322,0,4,14
1323,1,7,29
1324,1,5,15
1325,0,2,9
1326,0,4,16
1327,0,5,15
1328,0,4,23
1329,0,2,19
1330,1,4,11
1331,0,3,13
1332,0,4,28
1333,0,4,23
1334,0,6,29
1335,0,4,12
1336,0,8,22
1337,0,2,19
1338,0,4,23
1339,0,6,9
1340,0,3,19
1341,0,4,23
1342,0,3,13
1343,1,3,13
1344,0,5,16
1345,0,7,11
1346,0,6,16
1347,0,3,25
1348,1,4,12
1349,0,4,13
1350,1,4,23
1351,0,8,9
1352,1,5,11
1353,0,5,25
1354,0,4,10
1355,1,4,9
1356,0,2,19
1357,0,5,23
1358,0,3,23
1359,0,8,10
1360,0,6,9
1361,0,4,16
1362,0,4,26
1363,0,7,16
1364,0,5,9
1365,1,7,29
1366,0,8,26
1367,0,4,9
1368,0,5,27
1369,0,4,16
1370,0,3,16
1371,0,5,9
1372,0,5,23
1373,1,4,18
1374,1,4,11
1375,0,5,29
1376,1,3,10
1377,1,2,19
1378,0,7,16
1379,1,5,9
1380,1,4,26
1381,0,5,29
1382,0,2,19
1383,1,4,11
1384,1,6,29
1385,1,3,13
1386,0,6,9
1387,0,5,26
1388,0,5,10
1389,0,4,29
1390,1,4,9
1391,0,5,21
1392,0,7,16
1393,1,6,11
1394,1,2,19
1395,0,2,19
1396,0,4,21
1397,1,4,12
1398,0,4,14
1399,0,5,11
1400,1,7,11
1401,0,2,19
1402,1,4,10
1403,0,7,10
1404,1,6,14
1405,1,6,10
1406,0,5,25
1407,1,6,16
1408,1,8,22
1409,0,2,19
1410,0,3,20
1411,1,6,10
1412,1,4,16
1413,0,3,19
1414,1,4,14
1415,1,4,9
1416,1,7,22
1417,0,8,29
1418,0,4,26
1419,0,5,25
1420,0,5,24
1421,0,6,12
1422,0,3,13
1423,1,4,12
1424,0,4,11
1425,1,4,21
1426,0,5,16
1427,1,8,25
1428,0,3,26
1429,0,4,16
1430,1,3,10
1431,0,3,13
1432,1,4,9
1433,0,7,25
1434,0,8,22
1435,0,4,13
1436,1,5,24
1437,0,4,9
1438,0,3,13
1439,0,7,16
1440,0,5,10
1441,0,4,26
1442,0,3,12
1443,0,3,13
1444,0,6,23
1445,0,4,23
1446,0,5,25
1447,0,3,13
1448,1,4,10
1449,0,3,13
1450,1,2,19
1451,0,5,26
1452,0,4,13
1453,0,5,9
1454,0,2,19
1455,0,3,23
1456,0,4,21
1457,1,6,20
1458,1,5,12
1459,0,3,13
1460,0,8,15
1461,0,5,10
1462,1,3,23
1463,1,2,19
1464,0,4,23
1465,1,7,15
1466,0,7,12
1467,0,3,11
1468,0,5,12
1469,0,5,21
1470,0,5,25
1471,0,3,11
1472,0,5,11
1473,1,4,13
1474,0,4,11
1475,0,5,21
1476,0,3,13
1477,1,4,12
1478,0,5,29
1479,0,3,13
1480,0,5,29
1481,1,8,22
1482,0,4,23
1483,0,3,13
1484,1,6,9
1485,0,4,11
1486,0,4,10
1487,0,2,9
1488,1,4,9
1489,1,3,13
1490,1,6,9
1491,0,5,25
1492,0,7,25
1493,0,5,21
1494,0,7,25
1495,0,3,13
1496,0,4,14
1497,0,2,23
1498,0,8,29
1499,0,3,13
1500,0,4,26
1501,0,4,16
1502,0,4,23
1503,0,4,13
1504,1,4,11
1505,1,3,9
1506,1,6,10
1507,0,2,19
1508,1,7,11
1509,0,4,29
1510,0,5,26
1511,0,4,16
1512,0,3,13
1513,0,4,21
1514,1,4,18
1515,0,4,25
1516,0,5,16
1517,0,4,16
1518,1,5,11
1519,0,7,16
1520,0,3,13
1521,0,4,21
1522,1,4,23
1523,0,4,26
1524,0,3,9
1525,0,4,26
1526,0,7,14
1527,0,3,13
1528,0,2,19
1529,0,4,26
1530,0,4,20
1531,0,3,13
1532,0,4,21
1533,0,3,28
1534,0,7,20
1535,0,4,16
1536,0,5,26
1537,1,2,19
1538,0,2,9
1539,1,4,10
1540,0,5,21
1541,0,4,29
1542,1,5,25
1543,0,3,13
1544,0,4,25
1545,1,4,21
1546,0,3,9
1547,0,4,11
1548,0,3,13
1549,0,4,26
1550,1,4,16
1551,0,5,29
1552,0,4,26
1553,0,3,13
1554,1,4,25
1555,0,8,26
1556,0,3,19
1557,0,4,24
1558,0,3,13
1559,0,4,13
1560,0,6,26
1561,0,3,23
1562,0,6,10
1563,0,7,21
1564,1,3,29
1565,1,5,12
1566,0,3,29
1567,0,4,12
1568,0,4,12
1569,0,6,9
1570,0,8,26
1571,0,3,26
1572,0,4,20
1573,0,4,21
1574,0,4,29
1575,0,4,13
1576,0,8,22
1577,0,5,10
1578,0,5,15
1579,0,3,13
1580,0,4,20
1581,0,6,29
1582,1,4,24
1583,1,5,21
1584,1,3,9
1585,0,3,13
1586,1,3,13
1587,0,3,15
1588,0,5,17
1589,1,4,12
1590,1,3,13
1591,0,3,29
1592,1,2,19
1593,0,7,10
1594,0,6,26
1595,0,5,25
1596,0,4,21
1597,1,2,19
1598,1,8,22
1599,0,3,26
1600,0,4,29
1601,1,4,12
1602,0,2,9
1603,0,4,15
1604,1,7,16
1605,1,6,18
1606,0,8,9
1607,0,3,13
1608,0,4,9
1609,1,3,13
1610,1,3,13
1611,0,3,9
1612,0,5,15
1613,0,4,28
1614,0,8,29
1615,0,6,16
1616,1,4,12
1617,0,4,20
1618,0,4,9
1619,0,5,10
1620,0,7,16
1621,0,5,16
1622,0,4,25
1623,1,5,29
1624,0,5,10
1625,1,3,14
1626,0,4,21
1627,0,5,22
1628,0,4,9
1629,0,5,16
1630,0,4,21
1631,1,4,16
1632,1,4,9
1633,0,4,20
1634,1,3,9
1635,1,5,12
1636,0,6,10
1637,0,4,20
1638,1,5,18
1639,0,4,20
1640,0,4,9
1641,0,4,26
1642,0,3,29
1643,0,5,9
1644,1,6,16
1645,0,4,9
1646,0,4,21
1647,0,7,9
1648,0,7,12
1649,0,4,29
1650,0,4,13
1651,0,3,13
1652,0,7,24
1653,0,4,9
1654,0,6,9
1655,0,3,13
1656,0,3,26
1657,0,3,29
1658,0,3,13
1659,0,6,26
1660,1,7,9
1661,0,4,25
1662,1,6,16
1663,1,8,9
1664,0,4,9
1665,1,4,28
1666,0,8,9
1667,1,3,26
1668,0,4,26
1669,0,5,26
1670,0,4,9
1671,0,7,22
1672,0,6,11
1673,0,3,21
1674,1,3,18
1675,0,4,29
1676,0,3,27
1677,0,7,23
1678,0,3,28
1679,0,4,28
1680,0,4,21
1681,0,4,25
1682,0,3,9
1683,1,6,9
1684,0,3,13
1685,0,4,26
1686,1,6,9
1687,1,5,15
1688,1,3,18
1689,1,4,11
1690,0,5,16
1691,0,4,21
1692,0,3,13
1693,1,3,13
1694,0,6,26
1695,0,4,23
1696,0,7,25
1697,0,5,11
1698,1,4,26
1699,1,8,22
1700,0,5,9
1701,0,4,26
1702,0,2,19
1703,0,5,11
1704,1,4,15
1705,0,3,13
1706,0,3,23
1707,1,3,26
1708,0,4,21
1709,0,4,29
1710,0,3,13
1711,0,4,11
1712,1,4,16
1713,0,3,12
1714,0,5,21
1715,0,5,21
1716,0,4,12
1717,1,3,13
1718,0,5,14
1719,0,5,25
1720,1,4,26
1721,0,5,29
1722,0,4,21
1723,0,4,21
1724,0,4,10
1725,0,5,16
1726,1,3,13
1727,0,5,11
1728,1,4,28
1729,0,4,29
1730,1,4,13
1731,0,3,19
1732,0,3,24
1733,0,4,13
1734,1,3,13
1735,0,4,29
1736,0,7,10
1737,0,4,9
1738,0,4,9
1739,0,3,9
1740,1,3,13
1741,0,4,9
1742,0,4,9
1743,0,4,26
1744,0,4,25
1745,0,4,9
1746,1,7,15
1747,0,3,13
1748,0,3,25
1749,0,3,13
1750,0,3,28
1751,0,5,9
1752,0,5,26
1753,0,3,13
1754,0,3,28
1755,0,4,11
1756,0,5,25
1757,0,3,13
1758,0,4,16
1759,1,3,13
1760,1,3,9
1761,0,3,13
1762,0,3,23
1763,0,6,26
1764,0,3,29
1765,0,8,17
1766,0,5,29
1767,0,5,25
1768,0,8,25
1769,0,8,10
1770,0,5,16
1771,0,4,24
1772,0,5,26
1773,0,5,21
1774,0,6,9
1775,0,4,13
1776,0,4,9
1777,0,7,10
1778,0,4,11
1779,0,7,14
1780,0,5,29
1781,0,4,12
1782,0,5,15
1783,0,3,28
1784,1,3,13
1785,1,4,10
1786,0,4,13
1787,1,4,9
1788,0,4,25
1789,1,4,12
1790,0,5,9
1791,0,4,23
1792,0,5,16
1793,0,3,9
1794,0,3,13
1795,1,6,9
1796,0,4,29
1797,0,6,25
1798,0,4,26
1799,0,5,25
1800,0,4,26
1801,0,8,11
1802,0,3,13
1803,0,4,26
1804,0,4,13
1805,0,4,9
1806,0,4,29
1807,0,3,13
1808,0,3,10
1809,0,5,10
1810,1,5,9
1811,0,6,9
1812,0,3,13
1813,0,3,29
1814,0,3,13
1815,0,6,10
1816,0,3,17
1817,0,6,11
1818,0,2,19
1819,0,4,9
1820,0,3,13
1821,1,4,11
1822,0,4,13
1823,0,4,20
1824,0,3,26
1825,0,7,20
1826,0,5,16
1827,0,6,20
1828,0,5,20
1829,0,3,13
1830,1,4,15
1831,0,3,13
1832,0,4,11
1833,0,4,16
1834,0,3,13
1835,0,3,13
1836,0,3,26
1837,1,3,13
1838,1,4,23
1839,0,7,22
1840,0,8,11
1841,1,4,21
1842,1,5,15
1843,0,7,16
1844,0,2,10
1845,1,5,18
1846,0,5,10
1847,0,2,17
1848,1,5,21
1849,0,4,29
1850,0,4,29
1851,1,4,9
1852,1,5,10
1853,1,3,13
1854,0,4,16
1855,0,6,20
1856,1,4,10
1857,0,3,13
1858,0,4,25
1859,0,3,13
1860,0,3,13
1861,1,3,13
1862,0,3,26
1863,0,5,14
1864,0,4,28
1865,0,4,9
1866,0,4,11
1867,0,5,16
1868,0,3,13
1869,0,4,21
1870,0,3,9
1871,0,3,13
1872,0,4,21
1873,1,3,13
1874,0,4,11
1875,0,6,21
1876,0,3,13
1877,0,5,14
1878,0,5,16
1879,0,3,14
1880,0,4,28
1881,0,4,21
1882,0,7,9
1883,0,4,9
1884,0,3,13
1885,0,8,16
1886,0,2,19
1887,1,3,13
1888,1,4,13
1889,0,8,25
1890,0,7,25
1891,0,7,23
1892,0,3,13
1893,0,5,16
1894,1,3,10
1895,0,4,16
1896,0,7,16
1897,0,7,20
1898,0,6,23
1899,0,8,22
1900,1,6,10
1901,0,7,29
1902,0,5,16
1903,0,6,16
1904,0,5,21
1905,0,4,21
1906,1,6,29
1907,0,2,19
1908,0,4,13
1909,0,5,9
1910,0,5,11
1911,0,5,25
1912,1,7,9
1913,0,6,29
1914,0,7,26
1915,0,4,21
1916,0,8,24
1917,0,5,21
1918,0,3,23
1919,0,7,15
1920,0,6,10
1921,0,4,29
1922,1,5,9
1923,1,5,16
1924,0,5,23
1925,0,8,22
1926,1,7,11
1927,0,4,21
1928,1,6,15
1929,0,8,21
1930,0,7,16
1931,0,4,28
1932,0,5,9
1933,0,3,10
1934,1,5,29
1935,1,4,14
1936,0,5,26
1937,0,8,22
1938,0,3,13
1939,0,2,19
1940,1,3,13
1941,0,4,13
1942,0,4,26
1943,1,5,23
1944,0,7,22
1945,0,6,16
1946,0,3,19
1947,1,6,15
1948,0,2,9
1949,1,5,16
1950,0,8,21
1951,1,4,16
1952,0,5,16
1953,1,8,15
1954,0,7,16
1955,1,2,9
1956,0,5,16
1957,0,2,19
1958,1,2,19
1959,0,4,24
1960,0,4,11
1961,0,4,16
1962,0,3,28
1963,0,4,26
1964,0,2,19
1965,0,5,9
1966,0,4,20
1967,1,4,11
1968,1,5,11
1969,0,4,21
1970,0,5,26
1971,0,5,14
1972,0,3,13
1973,1,3,13
1974,0,4,29
1975,0,4,23
1976,0,4,16
1977,0,2,19
1978,0,3,26
1979,0,4,21
1980,1,3,13
1981,0,5,10
1982,1,4,11
1983,0,4,25
1984,0,2,28
1985,0,5,9
1986,1,3,13
1987,1,4,10
1988,1,7,22
1989,0,6,16
1990,1,7,12
1991,1,3,10
1992,1,7,18
1993,1,4,15
1994,0,8,26
1995,0,4,29
1996,0,7,16
1997,0,4,20
1998,1,4,12
1999,0,7,22
2000,1,4,23
2001,0,6,26
2002,0,4,10
2003,0,5,26
2004,0,3,13
2005,0,5,14
2006,0,8,15
2007,0,2,19
2008,0,8,26
2009,0,5,16
2010,0,8,10
2011,0,2,19
2012,0,4,23
2013,0,3,19
2014,0,6,21
2015,0,7,22
2016,0,4,26
2017,1,4,10
2018,0,7,15
2019,0,4,16
2020,0,4,29
2021,0,3,13
2022,0,5,26
2023,0,5,11
2024,0,4,10
2025,0,5,9
2026,0,4,9
2027,1,7,18
2028,1,5,12
2029,0,3,13
2030,0,7,10
2031,1,8,22
2032,0,2,19
2033,0,6,28
2034,0,3,13
2035,0,5,9
2036,0,7,25
2037,0,4,12
2038,1,5,16
2039,0,3,13
2040,1,5,12
2041,0,4,13
2042,0,6,9
2043,0,3,13
2044,0,3,13
2045,1,8,11
2046,0,4,26
2047,0,5,25
2048,0,7,10
2049,0,4,16
2050,0,4,9
2051,0,4,16
2052,0,3,13
2053,0,2,28
2054,0,8,22
2055,0,7,25
2056,1,4,18
2057,0,6,15
2058,1,4,21
2059,0,4,13
2060,0,5,29
2061,0,7,23
2062,1,6,29
2063,1,6,11
2064,1,3,9
2065,1,4,23
2066,0,8,23
2067,1,6,10
2068,0,7,25
2069,1,4,16
2070,1,4,29
2071,0,2,19
2072,0,4,23
2073,1,6,9
2074,1,2,9
2075,0,5,10
2076,0,2,19
2077,0,7,15
2078,1,7,9
2079,1,5,12
2080,0,5,16
2081,0,2,19
2082,0,6,20
2083,0,4,21
2084,0,7,20
2085,0,4,13
2086,0,5,10
2087,1,8,10
2088,0,5,9
2089,0,2,10
2090,0,8,10
2091,0,3,13
2092,0,4,13
2093,0,5,10
2094,0,4,15
2095,1,4,15
2096,0,7,25
2097,1,5,21
2098,0,8,24
2099,1,5,15
2100,0,6,16
2101,1,7,21
2102,1,3,13
2103,0,3,13
2104,1,4,13
2105,0,3,13
2106,0,3,9
2107,0,3,13
2108,0,2,19
2109,0,4,20
2110,0,3,26
2111,0,2,28
2112,0,3,13
2113,0,3,13
2114,0,3,9
2115,0,5,23
2116,0,4,9
2117,0,7,16
2118,0,5,26
2119,0,5,26
2120,1,5,29
2121,0,8,10
2122,0,3,9
2123,0,5,11
2124,0,8,22
2125,1,4,26
2126,0,3,14
2127,0,5,29
2128,1,3,9
2129,1,4,9
2130,0,4,25
2131,0,4,20
2132,0,5,21
2133,0,6,24
2134,0,4,10
2135,1,3,29
2136,0,4,10
2137,0,2,19
2138,0,4,25
2139,0,7,20
2140,0,8,22
2141,1,6,21
2142,0,4,15
2143,0,3,27
2144,0,5,26
2145,0,3,13
2146,0,8,22
2147,0,4,23
2148,0,5,13
2149,0,2,9
2150,0,8,22
2151,0,5,21
2152,1,5,9
2153,0,4,9
2154,0,5,12
2155,0,8,23
2156,0,3,13
2157,1,6,10
2158,0,4,14
2159,0,6,9
2160,0,4,9
2161,0,8,23
2162,1,2,19
2163,0,3,19
2164,0,7,10
2165,0,5,27
2166,1,2,19
2167,1,3,13
2168,1,7,12
2169,0,6,23
2170,1,7,25
2171,1,6,23
2172,0,3,13
2173,0,3,9
2174,0,3,19
2175,0,3,11
2176,1,3,9
2177,1,3,9
2178,0,4,9
2179,1,3,13
2180,0,8,22
2181,0,3,13
2182,0,3,25
2183,0,4,21
2184,1,2,19
2185,0,3,28
2186,1,3,12
2187,0,4,21
2188,1,7,23
2189,1,3,28
2190,1,5,11
2191,1,2,19
2192,0,3,9
2193,0,5,9
2194,0,4,16
2195,0,2,19
2196,1,4,15
2197,0,2,19
2198,0,2,9
2199,1,7,25
2200,0,5,9
2201,0,3,29
2202,0,7,22
2203,0,7,21
2204,0,4,13
2205,0,2,28
2206,1,5,29
2207,0,6,23
2208,1,4,9
2209,0,4,21
2210,0,4,9
2211,1,4,13
2212,1,8,10
2213,0,3,13
2214,0,6,26
2215,0,3,14
2216,0,6,25
2217,1,3,28
2218,0,2,19
2219,1,4,24
2220,0,3,13
2221,1,4,9
2222,0,2,19
2223,0,4,26
2224,0,2,19
2225,0,4,21
2226,1,4,10
2227,1,5,18
2228,0,2,19
2229,0,5,10
2230,0,8,29
2231,1,2,19
2232,0,6,21
2233,0,8,12
2234,1,4,16
2235,0,6,16
2236,0,3,13
2237,0,4,9
2238,0,5,16
2239,0,6,26
2240,0,6,15
2241,0,3,13
2242,1,4,9
2243,1,4,10
2244,1,4,9
2245,1,4,29
2246,0,2,19
2247,0,5,26
2248,0,4,15
2249,1,7,12
2250,0,8,26
2251,1,6,10
2252,0,4,11
2253,0,4,21
2254,0,4,14
2255,1,4,16
2256,0,7,23
2257,0,4,21
2258,0,6,9
2259,1,6,10
2260,0,7,20
2261,0,4,23
2262,1,5,12
2263,0,8,10
2264,0,2,19
2265,0,2,19
2266,1,5,15
2267,1,4,13
2268,0,3,19
2269,0,6,21
2270,0,6,14
2271,0,3,13
2272,0,6,11
2273,0,2,19
2274,0,2,19
2275,0,4,9
2276,0,6,11
2277,1,5,21
2278,0,4,14
2279,0,3,28
2280,0,5,23
2281,1,3,10
2282,1,7,9
2283,0,5,14
2284,1,5,15
2285,1,6,24
2286,1,3,13
2287,1,3,13
2288,1,8,25
2289,1,4,29
2290,0,4,14
2291,0,6,26
2292,0,4,15
2293,1,6,16
2294,0,8,22
2295,1,7,11
2296,1,8,22
2297,1,5,10
2298,1,6,9
2299,0,3,10
2300,0,7,23
2301,0,4,9
2302,0,4,15
2303,0,3,11
2304,0,8,16
2305,0,8,22
2306,1,6,18
2307,0,7,26
2308,0,7,16
2309,0,8,15
2310,0,6,20
2311,0,7,11
2312,0,5,27
2313,0,4,29
2314,1,2,19
2315,0,5,26
2316,0,8,9
2317,0,2,19
2318,1,7,10
2319,0,4,9
2320,0,6,10
2321,0,7,24
2322,1,8,12
2323,0,8,22
2324,0,6,20
2325,1,4,15
2326,0,8,22
2327,0,5,26
2328,1,3,19
2329,0,8,22
2330,1,4,21
2331,0,7,21
2332,0,7,26
2333,0,6,21
2334,0,7,29
2335,1,3,13
2336,0,4,26
2337,1,6,25
2338,1,6,9
2339,0,6,21
2340,1,4,13
2341,0,6,9
2342,1,7,15
2343,1,4,10
2344,0,8,16
2345,0,5,9
2346,1,6,18
2347,0,8,16
2348,0,5,16
2349,1,7,10
2350,0,4,16
2351,1,8,22
2352,0,5,12
2353,0,5,26
2354,1,3,13
2355,0,3,13
2356,0,3,19
2357,0,8,16
2358,1,8,24
2359,0,6,16
2360,0,8,10
2361,0,8,23
2362,0,7,15
2363,1,8,16
2364,0,7,26
2365,0,5,27
2366,0,5,26
2367,0,6,26
2368,1,8,12
2369,0,5,11
2370,0,8,10
2371,0,5,12
2372,1,6,10
2373,0,4,21
2374,0,5,25
2375,1,2,19
2376,0,5,10
2377,0,7,21
2378,0,4,17
2379,0,3,13
2380,1,4,9
2381,0,7,22
2382,1,5,18
2383,0,5,20
2384,1,6,18
2385,1,7,25
2386,1,5,23
2387,1,8,15
2388,0,8,22
2389,0,7,15
2390,0,8,16
2391,0,4,23
2392,0,7,23
2393,1,8,18
2394,0,7,16
2395,1,6,25
2396,1,4,18
2397,1,8,22
2398,0,5,23
2399,0,7,10
2400,1,5,16
2401,1,6,16
2402,0,6,16
2403,0,4,23
2404,1,7,16
2405,0,4,10
2406,0,5,9
2407,0,4,12
2408,0,3,27
2409,0,4,13
2410,1,5,18
2411,0,7,22
2412,1,4,23
2413,0,5,26
2414,1,6,11
2415,1,4,9
2416,0,4,26
2417,0,8,14
2418,0,4,25
2419,1,4,15
2420,0,7,27
2421,1,8,12
2422,0,8,22
2423,0,5,15
2424,0,5,16
2425,1,3,9
2426,1,5,20
2427,0,4,9
2428,0,5,26
2429,1,4,25
2430,0,4,13
2431,0,6,26
2432,0,3,13
2433,0,3,16
2434,0,7,17
2435,1,8,21
2436,0,5,25
2437,1,6,10
2438,1,5,18
2439,0,8,16
2440,1,5,23
2441,0,8,22
2442,1,8,16
2443,0,4,10
2444,0,4,16
2445,0,6,16
2446,0,6,10
2447,1,2,19
2448,0,4,9
2449,0,7,16
2450,0,5,16
2451,1,7,18
2452,1,6,18
2453,0,4,26
2454,1,5,23
2455,0,8,9
2456,1,4,23
2457,0,6,26
2458,0,4,11
2459,0,4,13
2460,1,4,13
2461,0,4,13
2462,0,4,13
2463,0,4,13
2464,0,4,13
2465,0,4,16
2466,0,4,13
2467,0,5,10
2468,0,6,26
2469,0,7,26
2470,1,6,15
2471,0,5,26
2472,1,5,9
2473,1,6,13
2474,0,4,9
2475,0,3,16
2476,0,4,23
2477,0,5,15
2478,0,8,22
2479,0,6,25
2480,0,6,21
2481,0,6,16
2482,0,4,16
2483,0,3,9
2484,0,5,16
2485,0,4,14
2486,0,4,9
2487,0,4,16
2488,0,7,16
2489,1,7,10
2490,0,3,13
2491,0,5,10
2492,0,4,16
2493,1,3,13
2494,0,7,15
2495,0,4,24
2496,0,2,19
2497,0,7,10
2498,0,4,13
2499,0,5,27
2500,0,7,22
2501,0,4,27
2502,0,4,21
2503,0,4,21
2504,1,4,27
2505,0,7,21
2506,0,6,9
2507,0,7,10
2508,1,4,10
2509,1,3,29
2510,0,5,23
2511,1,7,12
2512,0,8,22
2513,0,6,14
2514,0,5,23
2515,0,3,21
2516,0,6,16
2517,1,6,11
2518,1,5,18
2519,0,4,21
2520,0,5,16
2521,1,6,11
2522,0,6,11
2523,0,3,13
2524,1,3,13
2525,0,7,10
2526,1,7,23
2527,0,8,27
2528,0,7,9
2529,0,8,10
2530,0,4,24
2531,0,8,22
2532,0,5,26
2533,0,4,16
2534,0,4,16
2535,1,4,23
2536,0,4,13
2537,1,5,12
2538,0,4,14
2539,0,4,16
2540,0,4,16
2541,1,6,23
2542,0,8,10
2543,0,8,23
2544,0,6,21
2545,1,6,15
2546,1,5,18
2547,0,4,16
2548,1,6,11
2549,1,8,11
2550,0,5,26
2551,0,3,20
2552,0,4,26
2553,1,8,18
2554,1,5,10
2555,0,8,22
2556,0,5,24
2557,0,8,9
2558,1,5,18
2559,0,3,9
2560,1,6,16
2561,1,8,22
2562,1,4,12
2563,1,7,15
2564,1,8,11
2565,0,8,22
2566,0,5,20
2567,0,8,22
2568,0,5,16
2569,1,6,15
2570,1,5,14
2571,1,6,22
2572,1,5,9
2573,0,6,10
2574,0,8,22
2575,1,8,22
2576,1,5,9
2577,1,5,15
2578,0,8,22
2579,0,7,16
2580,0,4,21
2581,1,4,18
2582,0,4,16
2583,0,4,10
2584,0,8,16
2585,0,4,13
2586,1,3,28
2587,0,8,26
2588,0,3,19
2589,1,6,15
2590,0,4,24
2591,0,3,9
2592,0,6,22
2593,1,5,29
2594,0,5,14
2595,0,5,26
2596,0,4,9
2597,0,4,26
2598,0,6,9
2599,1,8,23
2600,0,5,26
2601,0,5,23
2602,0,6,25
2603,0,7,15
2604,0,5,16
2605,0,3,26
2606,0,4,16
2607,0,7,16
2608,0,5,24
2609,1,6,10
2610,0,4,20
2611,1,4,10
2612,0,5,16
2613,1,8,10
2614,0,6,24
2615,0,4,29
2616,0,5,16
2617,1,8,22
2618,0,4,9
2619,0,3,13
2620,0,3,10
2621,0,7,16
2622,0,8,25
2623,0,5,16
2624,0,3,13
2625,0,7,16
2626,1,7,9
2627,0,4,26
2628,0,4,21
2629,0,4,23
2630,0,5,25
2631,0,6,21
2632,0,4,26
2633,0,4,9
2634,0,5,16
2635,0,7,16
2636,1,8,9
2637,1,4,10
2638,1,7,21
2639,0,6,16
2640,0,4,12
2641,1,6,12
2642,0,5,10
2643,0,4,16
2644,0,4,16
2645,0,5,16
2646,1,6,24
2647,1,3,13
2648,0,5,21
2649,0,3,13
2650,0,3,9
2651,1,5,15
2652,0,8,10
2653,1,5,9
2654,0,5,16
2655,0,8,10
2656,0,4,10
2657,1,4,11
2658,0,4,20
2659,1,3,14
2660,1,7,10
2661,0,8,9
2662,1,5,18
2663,0,8,10
2664,0,5,9
2665,0,3,21
2666,1,5,29
2667,0,4,23
2668,1,4,15
2669,0,5,21
2670,0,4,15
2671,0,4,9
2672,0,6,26
2673,0,3,24
2674,0,4,16
2675,0,6,26
2676,1,5,20
2677,0,4,26
2678,0,4,25
2679,0,6,16
2680,0,8,23
2681,0,5,29
2682,0,4,16
2683,1,5,18
2684,0,5,16
2685,0,8,22
2686,1,2,19
2687,0,4,16
2688,0,5,23
2689,0,8,26
2690,0,8,22
2691,0,4,26
2692,1,4,13
2693,0,5,16
2694,0,5,20
2695,0,6,25
2696,1,5,15
2697,1,4,13
2698,0,6,9
2699,0,5,15
2700,1,5,21
2701,0,5,16
2702,0,5,16
2703,0,4,13
2704,0,5,27
2705,0,8,29
2706,1,5,16
2707,0,4,15
2708,1,3,13
2709,0,4,21
2710,1,4,13
2711,0,3,13
2712,0,5,16
2713,1,3,9
2714,0,6,16
2715,0,4,9
2716,0,2,19
2717,0,4,26
2718,0,4,21
2719,0,4,16
2720,0,3,13
2721,1,3,13
2722,0,8,22
2723,0,3,13
2724,0,5,20
2725,0,4,16
2726,1,7,26
2727,1,4,11
2728,1,8,22
2729,0,4,16
2730,0,6,10
2731,0,6,15
2732,0,5,20
2733,0,8,22
2734,0,4,10
2735,1,4,10
2736,0,8,22
2737,0,4,16
2738,1,4,9
2739,0,5,26
2740,1,4,13
2741,1,3,28
2742,0,4,16
2743,0,3,13
2744,1,7,13
2745,1,7,13
2746,0,4,13
2747,1,4,13
2748,0,4,21
2749,0,5,9
2750,0,6,23
2751,0,5,16
2752,1,4,18
2753,1,6,11
2754,0,5,16
2755,0,6,20
2756,0,4,20
2757,0,5,21
2758,0,7,16
2759,0,5,20
2760,0,5,16
2761,0,6,26
2762,0,6,26
2763,1,3,13
2764,0,4,16
2765,0,6,21
2766,0,4,12
2767,1,7,11
2768,1,5,16
2769,0,6,26
2770,0,4,23
2771,0,4,26
2772,0,4,23
2773,0,3,26
2774,1,5,10
2775,0,7,23
2776,1,3,13
2777,0,4,13
2778,0,4,21
2779,1,4,24
2780,1,4,25
2781,0,4,24
2782,1,7,29
2783,0,7,21
2784,0,5,16
2785,0,3,13
2786,0,4,11
2787,0,8,17
2788,0,4,16
2789,0,8,9
2790,0,5,15
2791,0,7,25
2792,1,3,13
2793,0,4,16
2794,0,7,16
2795,0,6,16
2796,0,4,9
2797,0,4,26
2798,0,4,16
2799,0,5,10
2800,0,3,10
2801,0,5,26
2802,0,5,11
2803,0,4,10
2804,1,3,13
2805,0,4,23
2806,0,3,13
2807,0,8,22
2808,0,5,16
2809,0,4,26
2810,0,5,13
2811,1,3,13
2812,0,6,26
2813,0,7,29
2814,0,8,22
2815,0,4,13
2816,0,4,13
2817,0,8,10
2818,0,3,13
2819,0,4,29
2820,0,8,16
2821,0,3,13
2822,0,5,16
2823,0,4,11
2824,0,7,22
2825,0,4,23
2826,1,4,16
2827,0,5,29
2828,0,3,9
2829,1,3,13
2830,1,4,12
2831,0,5,29
2832,0,4,16
2833,1,5,9
2834,0,8,28
2835,0,2,19
2836,1,5,20
2837,0,8,25
2838,0,4,16
2839,1,2,19
2840,0,4,28
2841,0,4,26
2842,0,4,29
2843,0,5,16
2844,0,5,26
2845,0,4,16
2846,0,5,21
2847,0,4,21
2848,0,6,23
2849,1,5,9
2850,0,3,29
2851,0,7,16
2852,0,4,13
2853,0,3,13
2854,1,4,29
2855,0,5,21
2856,0,4,26
2857,0,3,13
2858,0,6,29
2859,0,5,16
2860,0,4,9
2861,0,4,26
2862,0,4,24
2863,0,5,10
2864,0,5,29
2865,0,4,21
2866,0,3,9
2867,0,3,10
2868,0,4,26
2869,0,4,9
2870,0,7,21
2871,0,5,26
2872,1,4,13
2873,0,4,29
2874,0,4,13
2875,1,3,13
2876,0,3,13
2877,0,4,9
2878,0,6,20
2879,0,3,29
2880,1,4,16
2881,0,4,21
2882,0,2,10
2883,1,3,13
2884,0,4,13
2885,0,5,20
2886,0,4,9
2887,1,2,19
2888,0,3,10
2889,0,5,26
2890,0,4,24
2891,0,6,16
2892,1,4,11
2893,1,5,12
2894,1,4,15
2895,0,4,16
2896,0,6,26
2897,0,5,21
2898,0,7,26
2899,0,7,27
2900,1,4,23
2901,0,4,29
2902,1,3,13
2903,1,5,29
2904,0,4,11
2905,0,4,26
2906,0,5,10
2907,1,7,29
2908,0,3,13
2909,0,3,21
2910,1,4,21
2911,0,3,29
2912,0,3,29
2913,1,7,12
2914,1,3,10
2915,0,3,13
2916,0,4,12
2917,0,4,23
2918,0,5,12
2919,0,5,16
2920,1,3,13
2921,0,4,13
2922,0,4,10
2923,0,3,13
2924,0,4,20
2925,0,3,23
2926,0,4,14
2927,0,3,13
2928,0,5,23
2929,0,3,21
2930,0,4,26
2931,0,4,21
2932,0,4,25
2933,0,4,13
2934,0,5,26
2935,0,5,28
2936,1,5,14
2937,0,3,11
2938,0,4,16
2939,0,2,28
2940,1,4,13
2941,1,3,13
2942,1,5,29
2943,0,4,13
2944,0,4,16
2945,0,6,11
2946,0,4,9
2947,0,4,21
2948,0,3,26
2949,0,4,11
2950,0,7,10
2951,0,4,26
2952,0,5,21
2953,1,3,13
2954,1,4,13
2955,1,3,11
2956,0,4,21
2957,0,4,11
2958,0,3,11
2959,0,7,26
2960,0,3,13
2961,0,4,21
2962,0,5,20
2963,1,5,29
2964,0,4,9
2965,1,3,13
2966,1,3,13
2967,1,4,9
2968,1,4,24
2969,0,4,9
2970,0,5,21
2971,1,7,10
2972,0,5,21
2973,1,3,13
2974,1,5,26
2975,0,5,25
2976,1,4,9
2977,0,3,23
2978,0,4,26
2979,0,3,9
2980,1,5,23
2981,0,4,13
2982,0,4,29
2983,0,3,11
2984,0,5,23
2985,0,4,21
2986,0,3,13
2987,0,4,16
2988,0,5,26
2989,0,3,13
2990,0,7,26
2991,0,5,12
2992,1,3,13
2993,0,4,26
2994,1,5,13
2995,1,4,13
2996,0,4,9
2997,1,3,9
2998,0,4,16
2999,0,3,13
3000,0,4,13
3001,0,4,13
3002,1,3,13
3003,0,3,13
3004,0,5,20
3005,0,3,29
3006,1,3,13
3007,0,5,29
3008,0,5,11
3009,0,6,16
3010,0,6,15
3011,0,4,13
3012,0,3,13
3013,0,4,13
3014,0,3,13
3015,0,4,13
3016,0,3,13
3017,1,3,15
3018,0,5,21
3019,0,5,21
3020,0,7,10
3021,0,3,13
3022,0,3,28
3023,0,5,14
3024,0,4,24
3025,0,3,9
3026,1,5,25
3027,1,4,10
3028,0,4,16
3029,0,4,13
3030,0,3,13
3031,0,6,20
3032,0,3,24
3033,1,3,13
3034,0,4,26
3035,0,3,13
3036,0,5,9
3037,0,3,13
3038,1,5,12
3039,0,4,21
3040,0,4,10
3041,0,4,21
3042,0,6,26
3043,0,5,16
3044,0,8,15
3045,0,3,21
3046,1,5,18
3047,0,5,9
3048,0,7,21
3049,1,5,16
3050,1,6,24
3051,0,4,26
3052,1,4,16
3053,0,5,26
3054,1,5,9
3055,1,3,13
3056,0,3,13
3057,0,2,19
3058,0,3,13
3059,0,5,10
3060,0,3,13
3061,0,4,9
3062,0,3,13
3063,1,3,10
3064,1,4,16
3065,0,8,22
3066,1,4,11
3067,1,5,11
3068,1,7,12
3069,0,4,17
3070,0,4,13
3071,0,8,10
3072,0,3,11
3073,0,5,25
3074,0,6,10
3075,0,2,13
3076,1,4,13
3077,0,3,11
3078,1,7,9
3079,0,5,21
3080,0,3,26
3081,0,5,21
3082,1,4,12
3083,0,3,13
3084,1,4,12
3085,0,4,27
3086,1,4,21
3087,0,3,21
3088,0,5,9
3089,1,5,10
3090,0,6,11
3091,0,3,13
3092,0,3,13
3093,0,5,26
3094,1,3,13
3095,0,3,13
3096,1,4,9
3097,1,5,18
3098,0,3,13
3099,1,3,13
3100,0,4,10
3101,0,7,10
3102,0,4,9
3103,0,4,9
3104,1,4,20
3105,0,5,26
3106,0,3,13
3107,1,5,10
3108,1,4,10
3109,0,4,29
3110,0,4,16
3111,1,5,15
3112,1,7,9
3113,0,4,25
3114,0,4,13
3115,0,3,21
3116,1,2,10
3117,1,4,13
3118,0,6,25
3119,0,4,11
3120,1,4,9
3121,0,5,24
3122,1,6,29
3123,0,5,9
3124,1,4,12
3125,1,6,12
3126,1,4,14
3127,0,4,13
3128,0,4,26
3129,1,4,15
3130,0,3,24
3131,0,4,21
3132,0,4,29
3133,0,3,26
3134,0,5,21
3135,0,4,9
3136,0,4,26
3137,0,7,15
3138,1,4,20
3139,0,4,9
3140,0,3,13
3141,0,3,21
3142,0,4,19
3143,0,3,14
3144,0,5,26
3145,0,4,21
3146,0,5,9
3147,0,4,9
3148,0,6,10
3149,0,3,13
3150,0,4,11
3151,1,4,16
3152,0,4,11
3153,0,4,21
3154,0,4,16
3155,0,4,11
3156,1,4,9
3157,0,3,11
3158,0,4,16
3159,0,4,16
3160,1,4,11
3161,0,5,16
3162,0,3,13
3163,0,3,13
3164,0,4,24
3165,1,4,13
3166,0,4,20
3167,0,5,26
3168,0,8,22
3169,1,4,13
3170,0,4,23
3171,0,4,29
3172,1,7,25
3173,1,4,16
3174,0,3,13
3175,0,4,9
3176,0,4,23
3177,0,3,29
3178,0,3,13
3179,1,4,12
3180,1,4,9
3181,0,3,13
3182,1,4,13
3183,1,4,13
3184,0,4,16
3185,0,5,16
3186,0,4,21
3187,0,4,24
3188,1,4,24
3189,0,4,26
3190,0,4,16
3191,0,4,10
3192,0,3,24
3193,0,3,21
3194,0,5,16
3195,0,3,13
3196,0,4,11
3197,1,5,14
3198,0,7,9
3199,0,4,9
3200,1,7,12
3201,0,3,21
3202,0,4,21
3203,1,3,23
3204,0,5,25
3205,0,4,26
3206,1,4,15
3207,1,5,14
3208,1,3,29
3209,0,4,23
3210,0,4,21
3211,0,4,21
3212,0,7,16
3213,1,4,27
3214,0,3,16
3215,0,7,10
3216,0,5,21
3217,0,8,22
3218,0,4,25
3219,0,2,26
3220,0,4,21
3221,0,3,13
3222,0,4,9
3223,0,4,24
3224,0,3,13
3225,1,3,13
3226,1,3,23
3227,0,4,21
3228,0,3,9
3229,1,4,10
3230,0,6,16
3231,1,3,13
3232,0,5,9
3233,0,6,25
3234,1,5,25
3235,0,3,29
3236,0,5,16
3237,0,4,23
3238,0,4,9
3239,1,6,9
3240,0,7,25
3241,1,4,26
3242,1,4,10
3243,1,8,16
3244,1,7,22
3245,0,5,10
3246,1,5,9
3247,0,8,15
3248,1,3,13
3249,0,5,16
3250,0,4,9
3251,0,5,16
3252,0,4,29
3253,1,4,23
3254,0,3,9
3255,0,5,13
3256,1,4,23
3257,0,4,23
3258,1,8,10
3259,0,5,25
3260,0,4,16
3261,0,5,21
3262,0,7,11
3263,1,2,9
3264,0,3,13
3265,0,3,24
3266,0,5,16
3267,0,5,16
3268,1,4,21
3269,0,3,13
3270,1,7,9
3271,0,7,22
3272,0,4,21
3273,1,3,13
3274,0,3,11
3275,1,5,10
3276,0,5,24
3277,1,4,16
3278,1,4,13
3279,0,4,13
3280,0,5,26
3281,0,7,9
3282,1,5,13
3283,1,5,15
3284,1,4,24
3285,0,4,24
3286,0,4,23
3287,0,6,15
3288,1,3,13
3289,0,4,13
3290,0,6,29
3291,0,4,23
3292,0,7,20
3293,1,4,10
3294,0,4,24
3295,1,4,13
3296,0,4,13
3297,0,4,21
3298,1,3,29
3299,0,3,20
3300,1,5,9
3301,0,5,9
3302,0,5,16
3303,0,4,29
3304,0,5,16
3305,0,4,29
3306,0,4,26
3307,0,5,16
3308,0,6,24
3309,0,4,16
3310,0,4,26
3311,0,6,12
3312,0,5,25
3313,0,4,15
3314,0,4,13
3315,1,5,16
3316,0,8,22
3317,0,4,23
3318,0,6,15
3319,0,4,23
3320,1,4,16
3321,1,7,15
3322,0,6,23
3323,0,3,13
3324,0,3,27
3325,0,3,23
3326,0,3,13
3327,0,2,19
3328,1,4,13
3329,0,5,14
3330,1,4,11
3331,0,4,26
3332,0,8,26
3333,1,6,14
3334,0,8,29
3335,0,6,23
3336,0,7,15
3337,1,3,29
3338,0,4,26
3339,0,6,23
3340,0,4,13
3341,1,3,13
3342,0,5,29
3343,0,4,16
3344,0,4,21
3345,0,2,28
3346,0,4,13
3347,0,8,22
3348,1,8,22
3349,0,4,10
3350,0,5,10
3351,1,3,13
3352,0,5,23
3353,0,5,26
3354,1,5,23
3355,0,6,16
3356,0,3,21
3357,0,8,28
3358,0,7,27
3359,1,5,10
3360,1,4,16
3361,0,4,16
3362,0,3,25
3363,0,5,9
3364,0,4,9
3365,0,5,26
3366,0,4,13
3367,0,6,25
3368,0,4,26
3369,0,6,25
3370,0,4,29
3371,1,4,14
3372,1,3,13
3373,0,5,9
3374,0,4,16
3375,0,5,16
3376,1,5,16
3377,0,6,25
3378,1,3,13
3379,1,3,9
3380,1,3,14
3381,0,5,9
3382,0,5,26
3383,0,4,16
3384,0,4,10
3385,0,5,16
3386,0,4,27
3387,1,4,10
3388,0,4,29
3389,1,4,9
3390,0,4,13
3391,1,4,9
3392,1,5,18
3393,0,8,22
3394,0,7,26
3395,0,5,23
3396,0,7,25
3397,0,4,23
3398,0,6,27
3399,0,3,13
3400,0,4,11
3401,0,8,22
3402,0,3,25
3403,0,5,14
3404,0,4,13
3405,0,5,25
3406,0,4,26
3407,0,3,13
3408,0,5,10
3409,0,7,9
3410,0,4,9
3411,1,2,19
3412,0,8,25
3413,0,5,16
3414,1,4,18
3415,0,3,13
3416,0,3,10
3417,1,4,10
3418,0,3,9
3419,1,6,29
3420,0,3,13
3421,0,7,15
3422,0,5,21
3423,0,5,16
3424,0,4,16
3425,0,4,21
3426,0,4,14
3427,0,3,29
3428,0,4,13
3429,0,4,23
3430,0,5,16
3431,0,5,29
3432,0,5,14
3433,0,4,17
3434,0,5,23
3435,1,4,16
3436,1,6,14
3437,0,4,26
3438,0,4,13
3439,0,5,10
3440,0,3,13
3441,0,4,27
3442,1,4,26
3443,0,4,26
3444,0,5,16
3445,0,4,21
3446,1,3,11
3447,1,3,12
3448,0,6,10
3449,1,4,16
3450,0,6,16
3451,0,4,14
3452,0,4,16
3453,0,4,15
3454,0,3,29
3455,0,4,29
3456,0,4,23
3457,0,6,10
3458,1,4,16
3459,1,6,10
3460,1,6,15
3461,0,4,21
3462,0,3,21
3463,0,3,13
3464,0,6,10
3465,0,5,9
3466,1,4,9
3467,1,4,9
3468,0,3,26
3469,0,8,26
3470,1,4,23
3471,0,3,21
3472,1,5,26
3473,0,7,23
3474,1,5,29
3475,0,4,16
3476,0,4,21
3477,1,3,12
3478,0,4,23
3479,0,4,14
3480,1,4,20
3481,0,4,23
3482,0,5,16
3483,0,3,9
3484,1,4,9
3485,0,4,26
3486,0,4,29
3487,0,6,9
3488,0,3,13
3489,0,2,13
3490,0,5,9
3491,1,4,13
3492,0,4,24
3493,1,4,23
3494,0,4,23
3495,0,4,23
3496,0,4,23
3497,0,4,29
3498,0,6,26
3499,0,5,26
3500,0,3,13
3501,0,4,15
3502,1,5,25
3503,0,5,20
3504,0,4,23
3505,0,7,9
3506,1,7,10
3507,0,4,16
3508,0,3,13
3509,0,4,9
3510,0,3,13
3511,0,7,26
3512,1,6,16
3513,0,3,13
3514,0,4,9
3515,1,3,9
3516,0,3,13
3517,0,6,26
3518,0,3,13
3519,0,4,9
3520,0,4,25
3521,0,5,16
3522,0,4,26
3523,0,4,10
3524,0,3,13
3525,0,5,14
3526,1,5,11
3527,0,4,26
3528,0,4,12
3529,0,5,16
3530,1,5,16
3531,1,3,16
3532,0,3,13
3533,0,3,16
3534,1,4,24
3535,0,3,21
3536,0,4,9
3537,0,3,13
3538,0,3,13
3539,1,3,13
3540,0,7,9
3541,0,3,26
3542,0,4,25
3543,0,3,21
3544,0,5,12
3545,0,3,13
3546,0,3,21
3547,1,3,16
3548,1,4,23
3549,0,4,9
3550,0,4,9
3551,0,3,9
3552,0,5,16
3553,1,4,9
3554,1,3,13
3555,0,5,11
3556,0,4,9
3557,0,5,14
3558,1,6,10
3559,0,4,9
3560,1,4,20
3561,1,5,23
3562,0,4,11
3563,0,5,26
3564,0,6,27
3565,0,3,13
3566,0,2,19
3567,0,5,9
3568,1,4,13
3569,0,3,26
3570,0,4,12
3571,0,4,24
3572,0,4,26
3573,1,4,13
3574,0,5,21
3575,0,4,29
3576,0,5,25
3577,0,6,16
3578,1,5,16
3579,0,4,14
3580,1,8,9
3581,1,5,11
3582,0,5,25
3583,0,4,24
3584,0,8,16
3585,0,4,26
3586,0,3,14
3587,0,3,26
3588,0,3,13
3589,1,4,15
3590,0,5,23
3591,1,4,15
3592,0,4,11
3593,0,4,20
3594,0,4,27
3595,0,6,9
3596,0,4,23
3597,0,4,9
3598,1,3,11
3599,0,5,21
3600,0,3,13
3601,0,5,20
3602,0,2,19
3603,1,5,15
3604,0,4,27
3605,0,7,16
3606,1,8,9
3607,0,7,12
3608,0,3,9
3609,1,3,12
3610,0,3,10
3611,1,5,9
3612,1,4,18
3613,0,3,9
3614,0,5,29
3615,0,5,29
3616,0,5,12
3617,0,4,11
3618,1,6,9
3619,1,3,24
3620,0,5,15
3621,1,8,11
3622,1,4,18
3623,0,2,9
3624,0,4,9
3625,1,5,13
3626,0,4,26
3627,0,8,10
3628,0,4,25
3629,0,5,29
3630,1,5,12
3631,0,4,21
3632,1,5,16
3633,1,2,19
3634,0,3,21
3635,1,4,24
3636,0,5,26
3637,1,5,18
3638,1,4,26
3639,0,3,15
3640,0,4,11
3641,0,4,23
3642,0,4,9
3643,0,4,9
3644,0,4,26
3645,0,6,9
3646,0,5,16
3647,0,8,26
3648,0,7,25
3649,0,4,16
3650,0,3,13
3651,0,3,10
3652,0,5,20
3653,0,4,21
3654,0,3,19
3655,0,4,26
3656,1,5,10
3657,0,4,16
3658,1,7,16
3659,0,3,13
3660,0,3,13
3661,0,7,20
3662,0,5,27
3663,0,7,10
3664,0,7,10
3665,0,4,9
3666,0,4,15
3667,0,4,11
3668,0,3,13
3669,0,5,16
3670,0,4,9
3671,1,4,16
3672,0,4,26
3673,1,4,20
3674,0,5,26
3675,0,5,29
3676,0,4,16
3677,0,3,13
3678,1,4,9
3679,0,4,9
3680,0,4,23
3681,0,4,21
3682,0,3,24
3683,0,4,26
3684,1,4,16
3685,1,6,14
3686,0,3,26
3687,1,4,16
3688,0,3,13
3689,0,5,16
3690,0,5,21
3691,0,5,25
3692,1,5,18
3693,1,5,10
3694,0,4,9
3695,0,6,9
3696,1,2,19
3697,1,6,16
3698,0,4,23
3699,0,6,23
3700,0,4,13
3701,0,5,14
3702,0,4,11
3703,0,4,29
3704,0,5,16
3705,1,5,21
3706,1,4,21
3707,0,4,9
3708,0,4,13
3709,1,4,10
3710,0,4,16
3711,1,7,10
3712,0,4,11
3713,0,4,26
3714,0,4,14
3715,0,4,16
3716,1,7,10
3717,0,3,15
3718,0,4,9
3719,0,3,9
3720,0,4,16
3721,0,5,26
3722,0,4,24
3723,0,4,21
3724,0,4,11
3725,0,5,16
3726,0,4,24
3727,0,4,16
3728,1,8,12
3729,0,4,23
3730,0,5,10
3731,0,5,24
3732,0,3,21
3733,1,5,9
3734,0,6,16
3735,0,4,21
3736,1,3,9
3737,0,8,16
3738,0,4,21
3739,0,2,19
3740,0,5,9
3741,0,4,26
3742,1,4,16
3743,0,4,26
3744,0,3,14
3745,0,3,21
3746,0,5,26
3747,0,7,26
3748,0,4,10
3749,0,6,16
3750,0,4,24
3751,0,4,27
3752,0,4,23
3753,0,5,15
3754,0,3,13
3755,0,4,26
3756,0,5,16
3757,0,3,13
3758,0,3,13
3759,0,4,10
3760,0,4,26
3761,0,4,26
3762,0,3,13
3763,0,3,13
3764,0,4,9
3765,0,5,10
3766,0,4,23
3767,0,6,16
3768,0,8,20
3769,0,3,14
3770,0,4,9
3771,0,4,9
3772,1,5,16
3773,0,4,9
3774,1,4,18
3775,0,4,14
3776,0,6,22
3777,0,3,13
3778,1,4,9
3779,1,3,13
3780,1,5,21
3781,1,3,10
3782,0,4,16
3783,0,8,16
3784,1,7,23
3785,0,3,21
3786,0,4,16
3787,1,5,14
3788,0,5,15
3789,0,7,9
3790,0,4,26
3791,0,7,15
3792,0,4,11
3793,0,4,10
3794,1,7,12
3795,1,3,10
3796,0,4,9
3797,0,4,13
3798,0,4,24
3799,1,5,12
3800,0,4,10
3801,0,5,26
3802,0,5,15
3803,0,4,9
3804,0,5,21
3805,1,4,13
3806,0,3,13
3807,0,4,9
3808,1,6,11
3809,0,2,9
3810,1,8,20
3811,1,4,9
3812,0,4,16
3813,1,4,10
3814,1,4,29
3815,1,4,9
3816,1,4,9
3817,1,3,9
3818,1,4,9
3819,1,4,26
3820,0,7,27
3821,0,4,15
3822,0,3,13
3823,1,3,13
3824,1,3,13
3825,0,6,23
3826,0,4,16
3827,0,4,16
3828,0,3,9
3829,0,3,10
3830,0,3,21
3831,0,3,9
3832,1,5,18
3833,0,4,15
3834,1,5,10
3835,0,3,13
3836,1,5,28
3837,0,4,16
3838,0,5,15
3839,0,7,16
3840,0,4,24
3841,0,5,26
3842,0,5,16
3843,0,4,24
3844,0,4,26
3845,1,4,12
3846,0,5,12
3847,0,6,26
3848,0,4,21
3849,0,4,26
3850,0,4,29
3851,0,6,29
3852,0,8,16
3853,0,4,26
3854,0,3,10
3855,0,4,10
3856,0,7,11
3857,0,4,29
3858,1,4,10
3859,0,3,13
3860,1,3,15
3861,1,4,16
3862,0,4,10
3863,0,3,11
3864,0,4,16
3865,1,7,17
3866,0,4,26
3867,1,4,23
3868,0,7,23
3869,1,4,9
3870,0,6,27
3871,1,5,25
3872,1,2,19
3873,0,3,13
3874,0,4,21
3875,0,5,9
3876,0,4,16
3877,0,4,24
3878,0,5,9
3879,0,3,12
3880,0,4,21
3881,0,7,25
3882,0,4,23
3883,0,4,23
3884,0,4,26
3885,1,5,29
3886,0,3,23
3887,1,6,18
3888,0,4,9
3889,0,6,26
3890,0,3,13
3891,0,4,26
3892,0,4,9
3893,0,7,29
3894,1,2,19
3895,0,6,23
3896,0,5,12
3897,0,3,21
3898,0,3,26
3899,0,4,26
3900,0,3,13
3901,0,4,10
3902,1,6,11
3903,0,4,16
3904,0,4,9
3905,0,4,9
3906,0,6,10
3907,0,5,25
3908,0,4,12
3909,0,4,16
3910,0,3,11
3911,0,8,23
3912,0,7,25
3913,0,3,13
3914,0,4,21
3915,0,5,16
3916,0,3,13
3917,0,6,26
3918,0,6,15
3919,0,3,13
3920,1,8,25
3921,0,4,29
3922,0,4,15
3923,0,5,25
3924,1,5,9
3925,0,5,9
3926,0,8,26
3927,0,6,20
3928,0,4,26
3929,1,4,23
3930,0,3,23
3931,0,4,14
3932,0,4,9
3933,0,2,19
3934,0,4,26
3935,0,7,26
3936,1,3,23
3937,0,4,9
3938,0,3,26
3939,0,4,29
3940,0,3,9
3941,0,4,13
3942,0,3,26
3943,0,5,13
3944,1,5,12
3945,0,4,13
3946,1,5,18
3947,0,4,27
3948,0,6,9
3949,0,5,26
3950,0,4,23
3951,0,3,13
3952,0,5,11
3953,0,7,21
3954,0,4,21
3955,0,4,11
3956,1,4,25
3957,0,4,9
3958,0,4,14
3959,0,8,12
3960,0,4,14
3961,0,4,16
3962,1,5,15
3963,0,4,9
3964,0,5,27
3965,1,5,21
3966,0,8,11
3967,0,4,11
3968,0,6,16
3969,0,5,29
3970,0,6,26
3971,0,3,13
3972,1,5,16
3973,1,5,25
3974,1,6,10
3975,1,4,21
3976,0,4,9
3977,1,6,21
3978,0,6,9
3979,0,4,13
3980,1,3,13
3981,1,6,10
3982,0,4,21
3983,0,3,13
3984,0,5,9
3985,0,4,9
3986,0,5,20
3987,0,6,16
3988,1,6,10
3989,1,5,23
3990,0,4,10
3991,1,8,9
3992,0,7,29
3993,0,8,25
3994,0,3,20
3995,0,4,9
3996,1,3,11
3997,0,4,11
3998,0,8,16
3999,1,4,11
4000,1,3,13
4001,1,4,15
4002,0,4,16
4003,0,5,9
4004,1,4,14
4005,1,4,9
4006,0,5,23
4007,0,5,22
4008,1,7,18
4009,0,4,13
4010,1,6,9
4011,0,8,22
4012,0,4,9
4013,0,4,16
4014,0,6,25
4015,0,4,16
4016,1,3,13
4017,1,4,23
4018,0,7,21
4019,0,4,25
4020,0,4,16
4021,0,4,13
4022,0,4,9
4023,0,7,16
4024,0,5,26
4025,0,3,23
4026,0,5,26
4027,0,6,9
4028,0,5,26
4029,0,5,16
4030,1,4,10
4031,0,6,25
4032,0,8,22
4033,0,7,9
4034,0,5,16
4035,0,2,16
4036,0,5,21
4037,0,3,10
4038,0,3,16
4039,0,4,23
4040,0,4,26
4041,0,3,13
4042,0,4,10
4043,0,4,9
4044,1,6,12
4045,0,7,9
4046,0,4,23
4047,1,6,29
4048,0,5,26
4049,0,4,15
4050,0,7,29
4051,0,5,23
4052,1,5,18
4053,0,4,14
4054,1,8,15
4055,0,4,16
4056,1,4,16
4057,0,4,13
4058,1,8,12
4059,0,5,16
4060,0,4,9
4061,0,4,21
4062,0,4,15
4063,0,4,9
4064,0,3,13
4065,0,4,10
4066,0,7,25
4067,0,7,15
4068,0,4,25
4069,0,4,29
4070,0,3,12
4071,0,5,24
4072,1,4,24
4073,1,5,12
4074,0,8,22
4075,0,6,26
4076,0,3,13
4077,1,5,10
4078,0,6,20
4079,0,5,15
4080,0,3,23
4081,0,4,11
4082,0,4,27
4083,0,5,12
4084,0,7,9
4085,0,2,19
4086,0,5,15
4087,0,4,15
4088,0,4,23
4089,0,4,27
4090,0,7,15
4091,0,4,16
4092,1,5,10
4093,0,6,9
4094,1,6,14
4095,0,4,9
4096,0,6,29
4097,0,8,12
4098,0,5,24
4099,0,4,24
4100,0,4,26
4101,0,7,15
4102,0,4,15
4103,0,5,15
4104,0,4,25
4105,0,4,26
4106,1,5,11
4107,0,4,24
4108,0,5,26
4109,0,5,10
4110,0,3,21
4111,0,4,29
4112,0,8,23
4113,0,8,22
4114,1,4,15
4115,1,2,19
4116,0,2,13
4117,0,4,12
4118,0,4,16
4119,0,8,15
4120,0,4,26
4121,1,4,9
4122,0,4,13
4123,0,4,26
4124,0,4,9
4125,0,4,24
4126,0,4,16
4127,0,5,16
4128,0,5,26
4129,0,8,15
4130,0,3,13
4131,0,2,19
4132,0,3,25
4133,0,3,25
4134,0,7,16
4135,0,4,25
4136,1,4,9
4137,0,5,26
4138,0,5,12
4139,1,6,16
4140,0,4,24
4141,0,6,27
4142,0,5,26
4143,0,5,23
4144,0,4,24
4145,0,5,16
4146,0,3,13
4147,0,4,12
4148,0,7,10
4149,0,4,25
4150,0,6,16
4151,0,3,28
4152,1,4,13
4153,0,4,27
4154,0,5,11
4155,0,4,26
4156,0,7,26
4157,0,5,15
4158,0,8,20
4159,0,5,15
4160,0,6,16
4161,0,4,26
4162,0,6,13
4163,1,6,21
4164,0,2,19
4165,0,7,25
4166,0,4,16
4167,0,4,16
4168,0,8,23
4169,0,4,9
4170,0,5,26
4171,0,8,16
4172,1,4,14
4173,0,3,13
4174,1,7,10
4175,0,5,26
4176,1,7,16
4177,1,5,16
4178,0,5,10
4179,0,4,9
4180,0,6,29
4181,0,4,23
4182,0,7,26
4183,0,4,10
4184,0,7,26
4185,0,8,29
4186,0,7,27
4187,1,2,19
4188,1,7,18
4189,0,5,29
4190,0,6,9
4191,1,4,23
4192,0,8,16
4193,0,5,10
4194,1,4,23
4195,1,4,16
4196,0,4,29
4197,1,6,15
4198,0,7,9
4199,0,6,16
4200,0,8,25
4201,0,5,16
4202,1,3,20
4203,1,5,12
4204,0,5,9
4205,0,6,16
4206,0,5,26
4207,1,7,25
4208,1,5,29
4209,0,8,22
4210,1,4,16
4211,0,4,27
4212,0,4,10
4213,0,7,16
4214,0,4,23
4215,0,4,16
4216,1,8,29
4217,0,7,16
4218,0,5,23
4219,0,6,26
4220,1,6,24
4221,0,5,26
4222,0,8,22
4223,0,3,13
4224,1,8,22
4225,0,5,23
4226,1,6,10
4227,0,3,13
4228,1,4,18
4229,0,6,16
4230,1,4,9
4231,0,4,16
4232,0,4,27
4233,0,5,16
4234,1,4,24
4235,1,5,10
4236,0,5,10
4237,1,5,9
4238,0,8,9
4239,0,4,26
4240,0,6,14
4241,0,8,27
4242,0,5,16
4243,1,4,9
4244,0,4,16
4245,0,4,26
4246,0,3,13
4247,0,7,26
4248,0,5,26
4249,0,5,9
4250,0,5,13
4251,1,6,26
4252,1,5,26
4253,1,6,10
4254,1,4,12
4255,1,5,15
4256,0,4,28
4257,0,7,27
4258,0,5,26
4259,0,8,22
4260,1,7,27
4261,1,5,29
4262,0,5,13
4263,1,6,12
4264,0,7,11
4265,1,4,12
4266,0,4,23
4267,0,5,25
4268,0,7,16
4269,0,5,26
4270,0,5,16
4271,0,7,16
4272,0,8,16
4273,0,5,26
4274,0,7,21
4275,1,5,16
4276,0,4,13
4277,0,4,13
4278,1,3,26
4279,1,7,9
4280,0,6,16
4281,1,5,12
4282,0,6,20
4283,0,4,26
4284,0,7,21
4285,1,2,11
4286,0,7,25
4287,0,4,26
4288,0,5,26
4289,0,4,25
4290,1,5,15
4291,1,5,15
4292,0,4,16
4293,0,6,10
4294,0,4,21
4295,0,8,22
4296,0,5,16
4297,1,6,29
4298,0,5,27
4299,0,6,16
4300,0,5,16
4301,0,6,26
4302,0,6,22
4303,1,6,10
4304,1,6,25
4305,1,6,9
4306,0,5,25
4307,1,6,16
4308,0,4,25
4309,0,5,26
4310,0,8,22
4311,0,5,9
4312,1,4,18
4313,0,7,16
4314,0,5,9
4315,0,5,26
4316,0,4,16
4317,1,4,18
4318,0,5,23
4319,0,4,26
4320,0,5,23
4321,0,4,9
4322,1,6,18
4323,0,2,19
4324,0,3,27
4325,0,8,15
4326,0,6,24
4327,1,3,23
4328,1,4,11
4329,1,3,13
4330,0,5,20
4331,0,7,10
4332,0,4,11
4333,0,3,9
4334,1,6,26
4335,0,6,16
4336,0,4,9
4337,0,4,9
4338,0,4,9
4339,0,4,13
4340,0,7,22
4341,0,4,27
4342,1,4,16
4343,0,4,26
4344,0,3,13
4345,0,4,15
4346,1,5,23
4347,0,4,14
4348,0,5,16
4349,0,4,14
4350,0,6,16
4351,1,7,15
4352,0,3,13
4353,0,4,14
4354,0,4,9
4355,1,6,22
4356,0,5,26
4357,0,7,12
4358,1,4,23
4359,1,6,15
4360,0,5,15
4361,1,4,12
4362,0,7,11
4363,0,4,10
4364,0,5,9
4365,1,4,9
4366,0,3,29
4367,1,3,14
4368,0,4,11
4369,1,4,26
4370,0,5,26
4371,0,4,9
4372,0,4,21
4373,0,4,10
4374,1,4,23
4375,0,3,26
4376,1,3,29
4377,0,6,9
4378,0,3,11
4379,0,3,11
4380,0,4,21
4381,0,3,13
4382,0,4,16
4383,0,5,23
4384,0,7,23
4385,0,5,25
4386,1,5,18
4387,0,5,26
4388,0,3,13
4389,1,4,18
4390,0,5,24
4391,0,4,26
4392,0,5,23
4393,0,4,27
4394,1,7,25
4395,0,3,24
4396,0,5,9
4397,0,3,26
4398,0,7,16
4399,0,4,25
4400,1,3,13
4401,0,5,26
4402,0,7,21
4403,0,3,13
4404,1,4,14
4405,1,4,14
4406,0,4,9
4407,0,3,26
4408,0,4,13
4409,1,4,10
4410,0,4,13
4411,0,4,27
4412,1,3,13
4413,0,4,9
4414,0,4,13
4415,0,4,14
4416,1,3,13
4417,0,6,12
4418,0,4,13
4419,0,4,9
4420,1,3,13
4421,0,3,13
4422,0,3,13
4423,0,4,13
4424,0,7,15
4425,0,3,10
4426,0,3,13
4427,1,3,13
4428,1,3,13
4429,1,3,13
4430,0,3,13
4431,1,3,23
4432,0,4,24
4433,0,4,10
4434,0,4,23
4435,0,4,25
4436,0,3,13
4437,1,6,11
4438,0,4,23
4439,0,3,28
4440,0,3,13
4441,0,3,13
4442,0,2,22
4443,0,4,13
4444,0,3,9
4445,0,3,13
4446,0,4,24
4447,1,7,9
4448,1,6,21
4449,0,4,24
4450,0,6,9
4451,0,4,14
4452,0,3,13
4453,0,4,16
4454,0,5,16
4455,0,6,26
4456,0,3,9
4457,0,4,23
4458,0,4,14
4459,1,4,9
4460,0,2,23
4461,0,4,21
4462,0,4,9
4463,1,5,16
4464,0,4,16
4465,0,4,21
4466,1,5,14
4467,0,7,9
4468,0,5,15
4469,0,5,10
4470,0,3,13
4471,0,7,24
4472,0,8,11
4473,1,4,21
4474,0,4,12
4475,0,3,27
4476,0,6,14
4477,0,4,23
4478,0,4,21
4479,0,4,24
4480,0,4,23
4481,1,4,16
4482,0,5,9
4483,0,4,29
4484,0,5,16
4485,1,5,11
4486,0,5,23
4487,1,4,13
4488,0,4,10
4489,0,4,23
4490,0,4,29
4491,1,4,9
4492,0,7,16
4493,1,7,10
4494,0,3,13
4495,0,5,20
4496,1,7,15
4497,1,5,16
4498,1,6,21
4499,0,5,21
4500,0,4,15
4501,1,6,25
4502,0,5,10
4503,0,5,16
4504,0,3,13
4505,0,6,10
4506,0,4,16
4507,0,2,21
4508,0,7,22
4509,0,4,9
4510,0,4,27
4511,1,5,10
4512,1,4,15
4513,1,4,26
4514,0,4,13
4515,0,5,17
4516,0,4,16
4517,0,5,16
4518,0,3,13
4519,0,5,14
4520,0,3,13
4521,0,8,22
4522,1,2,19
4523,0,6,9
4524,0,3,13
4525,0,6,11
4526,0,7,9
4527,0,7,16
4528,0,4,15
4529,0,7,16
4530,0,4,26
4531,0,7,9
4532,0,8,10
4533,1,4,9
4534,0,7,16
4535,0,7,25
4536,0,3,13
4537,0,4,29
4538,0,4,16
4539,0,6,16
4540,0,5,16
4541,0,4,10
4542,0,8,9
4543,0,3,12
4544,0,8,22
4545,0,3,13
4546,1,3,10
4547,0,4,9
4548,0,7,16
4549,0,4,13
4550,0,5,21
4551,0,6,10
4552,0,3,11
4553,0,4,11
4554,0,4,23
4555,0,4,29
4556,0,3,9
4557,0,4,23
4558,0,5,15
4559,1,5,10
4560,0,3,13
4561,0,4,16
4562,0,4,21
4563,0,3,13
4564,0,3,28
4565,0,3,21
4566,1,6,10
4567,0,4,21
4568,0,5,28
4569,1,4,23
4570,0,2,19
4571,0,5,9
4572,0,4,11
4573,0,8,10
4574,0,4,25
4575,0,4,16
4576,0,3,21
4577,0,3,11
4578,1,2,19
4579,0,3,25
4580,0,3,21
4581,0,4,9
4582,1,5,25
4583,1,4,18
4584,1,3,18
4585,0,6,25
4586,0,4,23
4587,0,5,23
4588,0,4,16
4589,0,4,9
4590,1,4,18
4591,0,5,19
4592,1,4,15
4593,0,5,21
4594,0,5,23
4595,0,5,26
4596,0,3,13
4597,1,4,13
4598,0,4,9
4599,0,6,26
4600,0,5,16
4601,1,2,19
4602,0,7,25
4603,0,4,13
4604,1,2,19
4605,1,4,16
4606,0,5,16
4607,0,4,9
4608,1,3,13
4609,1,8,22
4610,0,4,10
4611,1,4,9
4612,0,7,10
4613,1,6,9
4614,0,5,16
4615,0,4,13
4616,0,5,23
4617,1,4,13
4618,0,4,26
4619,1,3,29
4620,0,4,24
4621,0,3,13
4622,1,6,10
4623,0,5,25
4624,0,4,27
4625,1,3,13
4626,1,4,13
4627,1,5,12
4628,1,5,9
4629,0,4,9
4630,0,5,23
4631,0,5,16
4632,1,5,11
4633,0,4,24
4634,0,4,24
4635,1,2,19
4636,0,4,9
4637,1,4,9
4638,1,4,13
4639,1,4,13
4640,1,3,13
4641,1,3,13
4642,0,4,21
4643,1,6,10
4644,0,4,26
4645,0,4,29
4646,1,4,15
4647,0,4,23
4648,1,4,10
4649,1,3,26
4650,0,4,13
4651,0,4,21
4652,0,4,25
4653,0,4,21
4654,0,4,16
4655,0,4,23
4656,0,8,10
4657,1,8,15
4658,1,3,13
4659,1,4,13
4660,0,3,13
4661,0,4,9
4662,0,2,9
4663,0,7,29
4664,0,3,13
4665,0,3,11
4666,1,5,18
4667,0,4,13
4668,0,5,20
4669,0,4,13
4670,0,4,16
4671,0,4,9
4672,0,4,9
4673,0,7,10
4674,1,7,15
4675,1,4,15
4676,0,5,29
4677,0,3,13
4678,0,8,22
4679,0,4,16
4680,1,6,9
4681,1,4,16
4682,0,5,21
4683,0,5,29
4684,1,4,10
4685,0,4,26
4686,0,6,23
4687,0,4,13
4688,1,4,23
4689,1,3,13
4690,0,6,24
4691,1,3,13
4692,0,4,13
4693,1,6,16
4694,0,5,11
4695,0,5,10
4696,0,4,23
4697,0,5,23
4698,0,5,16
4699,0,5,14
4700,0,4,21
4701,0,8,22
4702,0,5,25
4703,1,5,16
4704,1,3,13
4705,0,6,23
4706,0,7,15
4707,0,5,11
4708,0,8,22
4709,0,5,9
4710,1,5,24
4711,0,4,16
4712,0,4,9
4713,1,4,9
4714,0,5,10
4715,0,3,10
4716,0,5,23
4717,0,4,18
4718,0,3,21
4719,1,2,19
4720,1,6,26
4721,1,4,16
4722,0,3,10
4723,0,8,16
4724,0,3,27
4725,0,3,21
4726,0,3,19
4727,1,4,15
4728,1,3,9
4729,1,3,13
4730,0,6,26
4731,0,4,20
4732,0,4,16
4733,0,3,29
4734,1,3,9
4735,0,4,23
4736,0,2,9
4737,0,4,9
4738,0,6,9
4739,1,5,25
4740,0,4,26
4741,0,5,26
4742,0,4,26
4743,0,7,10
4744,0,4,11
4745,1,4,25
4746,0,6,26
4747,0,5,16
4748,1,5,18
4749,0,4,11
4750,0,5,20
4751,0,5,21
4752,0,5,16
4753,1,8,15
4754,0,5,14
4755,1,5,25
4756,1,8,9
4757,0,4,28
4758,0,7,25
4759,0,7,20
4760,0,4,26
4761,0,4,23
4762,0,3,27
4763,0,7,10
4764,0,6,12
4765,0,3,29
4766,0,5,25
4767,0,8,10
4768,0,4,12
4769,1,4,12
4770,0,5,16
4771,0,4,12
4772,0,8,22
4773,0,7,24
4774,1,3,13
4775,0,7,10
4776,0,3,13
4777,0,6,25
4778,0,6,9
4779,1,4,9
4780,0,7,24
4781,1,3,13
4782,0,8,10
4783,1,3,9
4784,1,8,16
4785,0,8,25
4786,0,5,26
4787,1,8,22
4788,1,7,9
4789,0,5,26
4790,0,3,24
4791,1,4,23
4792,0,8,20
4793,0,2,19
4794,1,5,25
4795,0,5,25
4796,1,5,18
4797,0,4,13
4798,0,4,10
4799,1,5,16
4800,1,4,13
4801,0,8,26
4802,0,6,10
4803,0,6,23
4804,0,4,26
4805,1,4,12
4806,0,4,11
4807,0,4,9
4808,0,6,12
4809,0,4,21
4810,1,7,15
4811,0,6,10
4812,0,4,9
4813,1,5,15
4814,1,4,23
4815,0,6,15
4816,0,2,20
4817,0,5,16
4818,0,5,11
4819,1,4,11
4820,0,3,13
4821,1,7,16
4822,1,4,15
4823,1,5,9
4824,0,6,25
4825,0,5,16
4826,1,5,26
4827,0,4,10
4828,1,3,13
4829,0,3,13
4830,0,4,13
4831,0,8,10
4832,1,4,25
4833,1,5,10
4834,0,5,10
4835,0,4,26
4836,0,2,11
4837,0,5,9
4838,1,7,13
4839,0,3,21
4840,0,5,10
4841,0,3,23
4842,1,5,18
4843,0,3,23
4844,1,7,27
4845,1,6,15
4846,0,4,10
4847,1,4,26
4848,0,5,27
4849,0,7,20
4850,0,3,28
4851,1,5,9
4852,0,3,13
4853,0,4,16
4854,0,4,26
4855,0,6,21
4856,0,5,9
4857,1,3,29
4858,0,4,9
4859,0,2,19
4860,1,4,10
4861,0,4,23
4862,0,5,25
4863,1,6,18
4864,0,4,29
4865,1,6,25
4866,0,4,14
4867,0,6,10
4868,1,7,15
4869,1,6,15
4870,0,4,21
4871,1,5,10
4872,0,8,10
4873,0,6,16
4874,1,4,10
4875,1,4,11
4876,0,4,21
4877,1,5,15
4878,1,3,13
4879,1,6,12
4880,0,3,26
4881,0,5,9
4882,0,4,16
4883,1,7,22
4884,0,4,21
4885,0,4,16
4886,0,4,23
4887,0,4,10
4888,1,3,23
4889,0,4,11
4890,0,4,13
4891,0,4,9
4892,1,4,18
4893,0,3,29
4894,1,5,23
4895,0,8,21
4896,0,4,25
4897,0,5,26
4898,1,6,15
4899,1,5,12
4900,0,3,21
4901,0,6,10
4902,0,8,20
4903,1,4,13
4904,0,5,9
4905,1,5,26
4906,0,4,13
4907,0,7,13
4908,0,4,12
4909,1,6,18
4910,0,6,25
4911,0,6,20
4912,1,2,19
4913,0,5,23
4914,0,8,10
4915,1,5,26
4916,0,3,11
4917,1,8,9
4918,0,3,13
4919,1,4,10
4920,0,5,26
4921,0,4,21
4922,0,4,26
4923,0,5,16
4924,1,4,12
4925,0,5,15
4926,0,5,25
4927,0,4,10
4928,0,4,21
4929,0,4,29
4930,0,4,16
4931,0,5,23
4932,0,5,21
4933,0,7,24
4934,1,6,10
4935,0,7,26
4936,1,7,16
4937,0,5,24
4938,1,5,21
4939,0,3,21
4940,1,4,9
4941,1,7,29
4942,1,4,10
4943,1,4,10
4944,0,4,21
4945,0,3,29
4946,0,6,9
4947,1,3,21
4948,0,3,9
4949,0,5,10
4950,1,4,24
4951,0,3,26
4952,0,6,27
4953,1,5,9
4954,1,5,15
4955,0,2,19
4956,0,6,9
4957,1,4,12
4958,0,6,10
4959,0,7,26
4960,0,7,26
4961,0,4,16
4962,0,4,24
4963,1,4,9
4964,0,5,26
4965,1,3,13
4966,0,5,9
4967,1,3,13
4968,0,4,16
4969,1,7,20
4970,0,8,29
4971,0,6,21
4972,1,7,9
4973,0,7,26
4974,0,7,9
4975,1,5,10
4976,0,5,26
4977,0,6,11
4978,0,3,13
4979,0,4,25
4980,1,5,26
4981,1,4,23
4982,0,5,21
4983,0,6,9
4984,0,8,22
4985,0,5,24
4986,0,4,11
4987,0,3,16
4988,0,4,26
4989,0,8,10
4990,0,4,16
4991,0,4,15
4992,0,6,26
4993,0,5,9
4994,0,2,19
4995,0,7,23
4996,0,3,13
4997,1,7,29
4998,0,3,28
4999,1,4,21
5000,0,5,16
5001,0,5,9
5002,1,8,11
5003,0,5,29
5004,0,5,9
5005,0,4,20
5006,0,4,13
5007,0,5,23
5008,0,5,11
5009,0,4,10
5010,0,7,10
5011,0,4,21
5012,1,6,25
5013,0,5,9
5014,0,5,9
5015,0,3,21
5016,1,8,17
5017,0,4,26
5018,0,4,9
5019,1,4,13
5020,1,8,23
5021,1,4,11
5022,0,6,26
5023,0,6,26
5024,0,7,29
5025,0,5,16
5026,0,2,19
5027,1,3,13
5028,1,8,22
5029,0,4,13
5030,1,4,11
5031,0,4,26
5032,0,5,21
5033,1,8,10
5034,0,6,25
5035,0,5,12
5036,1,3,13
5037,0,4,29
5038,1,6,25
5039,0,6,24
5040,0,3,13
5041,0,7,24
5042,0,3,13
5043,0,6,9
5044,0,5,15
5045,1,5,10
5046,0,5,21
5047,1,8,21
5048,0,4,16
5049,1,8,22
5050,0,7,15
5051,0,5,16
5052,0,5,29
5053,1,6,10
5054,0,4,29
5055,0,4,26
5056,1,4,23
5057,0,4,21
5058,0,4,13
5059,0,3,10
5060,1,4,13
5061,0,3,26
5062,1,8,22
5063,1,4,24
5064,1,4,26
5065,0,5,16
5066,0,5,21
5067,0,4,29
5068,1,5,13
5069,0,6,21
5070,1,6,15
5071,1,3,11
5072,1,3,15
5073,1,5,15
5074,0,5,9
5075,0,4,25
5076,0,6,15
5077,1,5,16
5078,0,4,21
5079,1,3,13
5080,1,7,16
5081,0,5,25
5082,0,4,13
5083,0,5,11
5084,1,5,25
5085,0,6,10
5086,0,7,16
5087,0,8,26
5088,0,6,25
5089,0,6,26
5090,1,3,28
5091,0,7,25
5092,1,2,19
5093,0,3,13
5094,0,4,23
5095,1,4,10
5096,0,8,22
5097,0,5,16
5098,1,8,9
5099,0,4,11
5100,1,4,16
5101,0,6,26
5102,0,8,11
5103,0,2,9
5104,0,7,15
5105,0,4,12
5106,0,4,11
5107,0,6,16
5108,0,4,13
5109,1,7,21
5110,1,3,13
5111,0,5,10
5112,0,4,13
5113,0,3,13
5114,0,8,26
5115,0,4,10
5116,1,4,15
5117,0,4,26
5118,1,5,25
5119,1,5,28
5120,0,4,26
5121,0,8,23
5122,0,7,16
5123,0,3,19
5124,1,5,10
5125,0,4,20
5126,0,8,25
5127,0,7,16
5128,0,3,9
5129,0,7,15
5130,0,4,9
5131,0,4,21
5132,1,5,25
5133,0,5,29
5134,0,7,16
5135,1,5,10
5136,1,6,9
5137,1,4,18
5138,1,6,15
5139,0,5,24
5140,0,5,11
5141,0,5,22
5142,0,4,9
5143,1,2,19
5144,0,8,21
5145,0,5,15
5146,1,4,9
5147,0,2,19
5148,1,4,9
5149,0,7,16
5150,0,4,16
5151,0,4,9
5152,0,7,21
5153,0,5,11
5154,0,6,9
5155,0,4,20
5156,0,6,14
5157,0,7,16
5158,0,6,26
5159,1,7,10
5160,1,4,10
5161,0,5,16
5162,0,3,20
5163,0,4,26
5164,0,5,16
5165,0,4,21
5166,0,3,27
5167,0,4,26
5168,0,7,25
5169,0,4,15
5170,0,3,26
5171,0,4,10
5172,0,3,13
5173,1,7,9
5174,0,5,16
5175,0,8,10
5176,0,3,9
5177,0,4,29
5178,0,5,10
5179,0,4,12
5180,0,3,28
5181,1,4,13
5182,0,4,16
5183,0,4,25
5184,0,4,25
5185,0,3,23
5186,0,5,10
5187,1,3,13
5188,0,5,16
5189,1,3,13
5190,0,4,13
5191,0,4,26
5192,0,6,15
5193,1,5,26
5194,0,5,15
5195,0,7,15
5196,0,3,24
5197,0,5,16
5198,1,7,13
5199,0,3,13
5200,0,8,26
5201,1,5,20
5202,0,2,19
5203,0,6,10
5204,1,5,18
5205,0,2,19
5206,0,6,23
5207,0,7,9
5208,0,4,21
5209,0,5,20
5210,0,4,16
5211,1,5,16
5212,1,3,29
5213,0,3,29
5214,1,5,13
5215,0,5,21
5216,0,3,25
5217,1,5,18
5218,1,6,16
5219,1,5,9
5220,1,4,13
5221,0,4,16
5222,0,5,21
5223,0,4,16
5224,0,5,16
5225,0,8,16
5226,1,8,12
5227,1,3,13
5228,1,4,10
5229,1,5,24
5230,0,7,16
5231,0,3,13
5232,1,6,15
5233,0,7,22
5234,0,4,10
5235,0,5,16
5236,0,4,9
5237,0,4,13
5238,0,7,10
5239,1,5,26
5240,0,4,10
5241,0,3,11
5242,0,3,9
5243,1,5,18
5244,1,8,15
5245,0,3,11
5246,0,4,26
5247,0,3,9
5248,0,3,13
5249,0,4,16
5250,1,8,10
5251,0,4,21
5252,0,8,19
5253,0,5,10
5254,0,3,13
5255,0,5,9
5256,0,3,19
5257,0,2,9
5258,0,4,9
5259,0,4,21
5260,0,5,16
5261,0,4,13
5262,0,4,14
5263,1,4,9
5264,0,4,13
5265,0,4,23
5266,0,4,16
5267,1,7,25
5268,0,5,16
5269,1,4,9
5270,1,4,13
5271,0,4,10
5272,0,2,19
5273,0,3,13
5274,1,6,10
5275,1,3,9
5276,1,2,19
5277,1,6,23
5278,1,6,23
5279,0,7,15
5280,1,4,26
5281,0,4,29
5282,1,8,22
5283,0,3,13
5284,0,2,19
5285,0,4,25
5286,1,4,11
5287,0,5,13
5288,0,4,15
5289,0,5,16
5290,0,5,21
5291,1,4,23
5292,0,5,16
5293,0,3,13
5294,0,6,10
5295,0,5,10
5296,0,5,16
5297,1,4,11
5298,0,3,9
5299,0,4,21
5300,1,4,9
5301,0,4,16
5302,0,8,29
5303,0,4,9
5304,0,4,26
5305,1,4,13
5306,0,4,29
5307,1,4,16
5308,1,4,23
5309,0,3,13
5310,0,4,11
5311,1,3,13
5312,0,3,11
5313,0,4,25
5314,0,3,13
5315,0,6,25
5316,0,4,17
5317,0,8,22
5318,0,6,11
5319,1,3,13
5320,0,6,10
5321,0,4,9
5322,0,4,21
5323,0,4,11
5324,0,5,16
5325,1,2,9
5326,0,4,21
5327,0,5,26
5328,0,4,11
5329,0,4,29
5330,0,4,26
5331,1,2,19
5332,1,8,15
5333,1,5,18
5334,1,3,13
5335,1,4,26
5336,0,4,14
5337,0,8,16
5338,0,4,9
5339,1,8,10
5340,0,7,9
5341,0,4,10
5342,0,8,9
5343,1,4,9
5344,0,4,21
5345,0,3,13
5346,1,4,9
5347,0,3,26
5348,0,3,26
5349,1,3,14
5350,0,4,13
5351,0,5,26
5352,0,4,29
5353,0,4,16
5354,1,7,16
5355,0,4,11
5356,0,4,16
5357,1,4,13
5358,1,4,14
5359,1,4,9
5360,0,5,23
5361,0,3,13
5362,1,4,16
5363,1,8,22
5364,0,4,23
5365,0,8,16
5366,1,5,12
5367,0,4,26
5368,0,3,26
5369,1,7,12
5370,1,4,12
5371,1,5,16
5372,1,4,18
5373,1,7,10
5374,1,4,26
5375,1,4,12
5376,0,4,15
5377,0,3,14
5378,1,7,11
5379,0,3,14
5380,1,6,10
5381,1,5,14
5382,0,4,15
5383,1,6,12
5384,0,8,9
5385,0,6,9
5386,1,3,29
5387,0,5,16
5388,0,3,25
5389,0,3,21
5390,1,7,25
5391,0,5,22
5392,0,8,22
5393,1,4,12
5394,0,3,21
5395,0,3,21
5396,0,3,13
5397,1,4,26
5398,0,4,24
5399,0,4,21
5400,0,4,20
5401,0,4,13
5402,0,3,21
5403,0,5,16
5404,0,4,9
5405,0,4,26
5406,1,3,12
5407,0,5,27
5408,0,4,16
5409,0,3,13
5410,0,4,23
5411,0,3,13
5412,0,5,10
5413,1,4,12
5414,0,4,21
5415,0,4,23
5416,1,4,10
5417,1,3,13
5418,0,6,16
5419,0,2,9
5420,0,4,16
5421,0,7,10
5422,0,5,16
5423,0,3,9
5424,0,7,10
5425,0,4,15
5426,0,3,9
5427,0,8,26
5428,0,4,10
5429,1,3,13
5430,1,3,10
5431,1,4,9
5432,0,2,19
5433,0,4,9
5434,1,7,16
5435,1,5,9
5436,1,5,26
5437,0,4,29
5438,0,6,10
5439,1,6,11
5440,1,2,28
5441,0,4,21
5442,0,5,10
5443,0,2,19
5444,1,4,16
5445,1,4,14
5446,0,3,26
5447,1,4,9
5448,1,3,21
5449,1,2,28
5450,0,5,26
5451,0,7,16
5452,1,7,14
5453,1,5,11
5454,0,3,13
5455,0,4,23
5456,0,5,28
5457,1,4,15
5458,1,4,10
5459,1,6,10
5460,0,8,10
5461,0,8,22
5462,1,5,26
5463,1,4,16
5464,0,6,27
5465,0,3,13
5466,0,4,20
5467,0,4,23
5468,0,8,22
5469,1,6,11
5470,0,7,16
5471,0,4,16
5472,0,4,21
5473,1,3,13
5474,0,4,9
5475,1,7,10
5476,0,6,11
5477,0,6,28
5478,0,3,21
5479,0,3,21
5480,1,4,10
5481,0,5,15
5482,0,3,13
5483,0,5,16
5484,1,3,26
5485,0,5,10
5486,0,3,21
5487,1,3,11
5488,1,2,19
5489,0,3,13
5490,0,7,9
5491,0,4,26
5492,0,5,9
5493,0,5,16
5494,1,4,9
5495,0,4,21
5496,0,5,9
5497,0,4,21
5498,0,5,21
5499,0,8,16
5500,0,3,16
5501,0,5,10
5502,0,4,10
5503,0,4,21
5504,0,4,13
5505,1,5,9
5506,0,5,10
5507,0,5,16
5508,0,5,10
5509,1,4,23
5510,0,6,21
5511,0,3,16
5512,1,4,15
5513,0,6,26
5514,0,4,13
5515,0,4,9
5516,0,4,26
5517,0,4,24
5518,0,3,16
5519,0,6,26
5520,0,3,16
5521,0,3,13
5522,0,5,21
5523,1,5,26
5524,1,3,13
5525,0,4,16
5526,0,4,13
5527,1,7,10
5528,1,4,28
5529,1,5,29
5530,0,4,11
5531,0,4,11
5532,1,4,18
5533,0,6,16
5534,1,4,13
5535,1,3,23
5536,0,6,16
5537,0,4,29
5538,0,4,9
5539,0,3,13
5540,0,6,10
5541,1,4,26
5542,0,5,10
5543,1,2,19
5544,0,3,13
5545,1,7,25
5546,0,8,9
5547,0,7,26
5548,0,5,24
5549,0,6,10
5550,1,4,15
5551,0,4,23
5552,0,5,9
5553,1,2,19
5554,1,2,19
5555,1,5,11
5556,0,4,10
5557,0,7,10
5558,0,3,15
5559,1,3,13
5560,0,7,26
5561,0,4,26
5562,1,7,11
5563,0,6,25
5564,0,4,24
5565,0,4,25
5566,1,8,10
5567,0,6,21
5568,1,4,29
5569,0,5,10
5570,0,8,16
5571,0,6,16
5572,0,4,26
5573,0,4,24
5574,1,5,25
5575,0,3,23
5576,1,3,13
5577,1,3,13
5578,1,7,18
5579,0,5,24
5580,1,5,29
5581,0,7,16
5582,0,5,12
5583,0,4,10
5584,0,2,19
5585,0,6,15
5586,0,5,23
5587,0,2,19
5588,0,7,10
5589,1,5,26
5590,1,4,12
5591,1,5,10
5592,1,4,16
5593,0,6,29
5594,0,3,26
5595,0,5,16
5596,0,7,12
5597,0,3,13
5598,1,3,10
5599,0,4,10
5600,1,4,18
5601,1,4,13
5602,1,5,10
5603,0,4,9
5604,0,5,16
5605,0,4,13
5606,0,7,10
5607,1,3,10
5608,1,5,16
5609,0,6,16
5610,0,4,9
5611,0,6,10
5612,0,8,24
5613,1,7,9
5614,0,4,13
5615,0,5,29
5616,0,4,26
5617,1,4,29
5618,1,4,9
5619,1,6,21
5620,0,3,9
5621,0,4,10
5622,0,7,25
5623,1,6,9
5624,0,4,29
5625,0,5,21
5626,1,3,13
5627,0,3,13
5628,0,5,16
5629,1,6,9
5630,0,5,10
5631,0,5,9
5632,0,7,16
5633,0,5,24
5634,1,3,11
5635,1,4,23
5636,0,3,13
5637,0,3,12
5638,1,7,10
5639,1,4,10
5640,1,5,16
5641,1,4,10
5642,1,5,9
5643,0,4,9
5644,0,5,16
5645,0,6,10
5646,0,4,23
5647,1,3,13
5648,1,3,13
5649,0,5,23
5650,0,4,16
5651,0,5,24
5652,0,4,20
5653,0,4,16
5654,0,4,10
5655,0,8,25
5656,0,4,9
5657,0,3,13
5658,0,4,23
5659,0,5,26
5660,0,5,21
5661,1,3,13
5662,0,7,10
5663,0,4,23
5664,1,5,18
5665,0,4,16
5666,0,2,19
5667,0,3,10
5668,1,3,13
5669,0,5,26
5670,1,4,26
5671,0,2,19
5672,1,5,10
5673,1,3,13
5674,0,4,11
5675,0,3,13
5676,0,3,10
5677,0,4,26
5678,1,3,13
5679,1,5,21
5680,1,4,15
5681,0,3,9
5682,0,7,10
5683,0,4,13
5684,1,4,15
5685,0,4,24
5686,0,7,23
5687,0,8,9
5688,0,4,9
5689,0,4,11
5690,1,4,24
5691,0,2,19
5692,1,5,29
5693,0,3,13
5694,0,3,13
5695,0,3,25
5696,0,5,16
5697,1,4,12
5698,0,8,10
5699,0,3,13
5700,0,4,10
5701,1,4,13
5702,1,5,10
5703,0,5,16
5704,0,5,23
5705,0,4,29
5706,0,4,10
5707,0,5,26
5708,0,5,11
5709,0,7,29
5710,1,4,16
5711,0,3,9
5712,1,3,18
5713,0,3,25
5714,0,4,26
5715,0,8,25
5716,1,2,9
5717,1,3,13
5718,0,4,9
5719,0,3,13
5720,0,5,23
5721,1,4,16
5722,1,4,13
5723,1,4,21
5724,1,5,12
5725,1,4,23
5726,0,4,9
5727,0,5,23
5728,0,5,24
5729,1,3,23
5730,0,4,16
5731,0,3,9
5732,0,8,10
5733,1,3,13
5734,1,3,13
5735,0,3,26
5736,0,4,21
5737,0,5,10
5738,0,3,13
5739,0,4,24
5740,0,4,16
5741,0,5,10
5742,1,7,16
5743,0,5,11
5744,0,3,13
5745,0,2,19
5746,0,4,9
5747,1,5,23
5748,0,8,16
5749,0,4,9
5750,0,6,20
5751,0,4,29
5752,0,3,21
5753,0,4,24
5754,0,3,11
5755,0,4,10
5756,0,4,13
5757,1,5,29
5758,0,3,19
5759,0,3,9
5760,1,4,20
5761,1,4,20
5762,0,4,13
5763,1,4,23
5764,0,4,15
5765,0,4,10
5766,0,6,24
5767,0,4,21
5768,0,4,16
5769,0,4,10
5770,0,7,22
5771,1,4,21
5772,1,5,9
5773,1,4,13
5774,1,3,13
5775,0,3,24
5776,0,4,9
5777,0,4,9
5778,0,4,11
5779,0,3,10
5780,1,2,9
5781,1,8,9
5782,0,3,26
5783,1,3,10
5784,1,5,11
5785,1,2,19
5786,0,2,19
5787,1,7,10
5788,1,4,10
5789,0,3,21
5790,0,4,29
5791,1,5,15
5792,1,4,10
5793,1,7,21
5794,0,4,20
5795,0,8,23
5796,0,4,11
5797,1,2,16
5798,0,6,23
5799,0,4,9
5800,0,4,16
5801,0,5,16
5802,0,4,15
5803,0,3,13
5804,0,4,20
5805,0,3,21
5806,0,2,9
5807,0,5,21
5808,0,4,14
5809,0,3,26
5810,0,4,11
5811,1,5,9
5812,1,6,10
5813,0,3,19
5814,1,4,16
5815,0,4,15
5816,0,4,29
5817,0,4,9
5818,0,4,26
5819,1,5,9
5820,0,3,13
5821,0,4,26
5822,0,4,11
5823,0,5,26
5824,0,4,10
5825,1,4,16
5826,0,4,16
5827,0,5,9
5828,0,4,14
5829,0,5,27
5830,0,4,25
5831,1,4,9
5832,0,2,19
5833,1,5,16
5834,1,4,9
5835,1,7,10
5836,0,5,16
5837,1,4,16
5838,0,4,16
5839,0,7,25
5840,0,3,13
5841,1,4,16
5842,0,4,16
5843,0,4,9
5844,0,4,29
5845,0,4,9
5846,0,4,26
5847,0,4,13
5848,0,7,15
5849,0,6,9
5850,0,4,24
5851,1,5,13
5852,0,4,21
5853,0,3,21
5854,1,4,13
5855,0,3,13
5856,0,4,11
5857,0,4,26
5858,1,4,13
5859,1,3,13
5860,0,4,10
5861,1,4,9
5862,1,5,9
5863,0,8,25
5864,1,5,9
5865,0,4,9
5866,0,4,16
5867,1,6,16
5868,0,4,10
5869,1,2,9
5870,1,5,16
5871,0,4,13
5872,0,5,10
5873,1,2,19
5874,1,4,12
5875,0,6,25
5876,1,3,13
5877,0,7,29
5878,0,5,26
5879,1,4,16
5880,1,3,29
5881,1,4,10
5882,0,7,28
5883,0,6,16
5884,0,7,16
5885,1,4,16
5886,1,6,11
5887,0,4,13
5888,0,4,16
5889,1,4,13
5890,1,7,10
5891,1,4,18
5892,1,4,23
5893,1,7,10
5894,0,4,26
5895,1,4,15
5896,1,6,12
5897,0,5,23
5898,1,4,16
5899,0,4,23
5900,1,4,13
5901,0,4,26
5902,0,3,21
5903,0,4,13
5904,0,4,13
5905,0,7,16
5906,0,3,21
5907,1,4,9
5908,0,5,16
5909,0,4,10
5910,0,5,26
5911,0,5,16
5912,1,3,9
5913,0,3,13
5914,0,4,10
5915,0,4,29
5916,1,5,29
5917,0,4,29
5918,0,7,29
5919,0,5,29
5920,0,3,13
5921,0,6,11
5922,0,4,16
5923,0,5,9
5924,0,4,10
5925,0,4,9
5926,0,4,29
5927,1,3,9
5928,0,5,26
5929,0,4,16
5930,1,5,16
5931,0,7,25
5932,0,4,20
5933,1,6,21
5934,1,5,29
5935,1,3,13
5936,0,4,11
5937,0,4,13
5938,0,3,29
5939,1,6,29
5940,1,4,26
5941,0,4,10
5942,1,3,9
5943,0,5,11
5944,0,3,13
5945,0,7,29
5946,1,7,10
5947,0,4,21
5948,0,3,9
5949,1,4,10
5950,0,4,15
5951,0,8,12
5952,0,4,16
5953,0,5,9
5954,1,4,9
5955,1,7,16
5956,0,5,23
5957,0,6,10
5958,1,5,9
5959,1,5,26
5960,1,3,16
5961,0,3,23
5962,0,4,11
5963,0,4,23
5964,0,3,9
5965,0,3,13
5966,0,4,21
5967,0,4,10
5968,1,6,24
5969,0,7,21
5970,1,4,9
5971,0,6,10
5972,1,6,10
5973,1,3,19
5974,1,5,11
5975,1,8,10
5976,1,6,25
5977,0,8,22
5978,0,3,26
5979,0,4,13
5980,0,3,13
5981,1,6,10
5982,0,2,19
5983,0,6,20
5984,1,4,16
5985,1,3,13
5986,0,3,29
5987,0,6,23
5988,1,3,13
5989,1,6,9
5990,1,6,9
5991,0,5,16
5992,0,4,24
5993,0,3,14
5994,0,4,26
5995,1,5,18
5996,0,7,25
5997,0,8,16
5998,0,6,22
5999,0,5,20
6000,0,5,16
6001,1,4,29
6002,0,2,19
6003,1,4,10
6004,0,4,23
6005,1,4,10
6006,0,5,10
6007,0,5,10
6008,0,4,10
6009,0,8,10
6010,0,5,16
6011,0,5,10
6012,0,4,12
6013,0,4,10
6014,1,3,13
6015,1,8,10
6016,0,4,25
6017,0,4,24
6018,1,2,19
6019,1,4,29
6020,1,5,29
6021,1,3,13
6022,1,7,29
6023,0,5,10
6024,1,5,10
6025,1,4,9
6026,1,4,16
6027,0,3,13
6028,1,4,10
6029,0,6,26
6030,1,4,16
6031,0,7,9
6032,1,6,26
6033,1,4,24
6034,1,4,14
6035,1,2,9
6036,0,5,26
6037,0,3,13
6038,1,4,21
6039,0,5,9
6040,0,5,24
6041,0,5,24
6042,1,4,29
6043,0,6,10
6044,1,4,18
6045,0,6,10
6046,1,5,16
6047,0,5,10
6048,0,4,9
6049,0,7,25
6050,0,4,21
6051,0,4,26
6052,0,4,9
6053,0,4,21
6054,1,4,10
6055,0,5,15
6056,0,3,13
6057,0,3,13
6058,1,4,10
6059,0,4,26
6060,1,3,9
6061,0,6,16
6062,0,7,22
6063,0,4,23
6064,1,4,10
6065,1,4,24
6066,1,6,10
6067,1,8,10
6068,1,6,9
6069,0,4,15
